Jaar,Wijk_ID,KPI_ID,Target
2024,1,1,5617.0
2024,1,2,17.0
2024,1,7,10.0
2024,1,3,0.07
2024,1,4,288.0
2024,1,5,0.32
2024,1,6,205.0
2024,2,1,4714.0
2024,2,2,34.0
2024,2,7,10.0
2024,2,3,0.07
2024,2,4,240.0
2024,2,5,0.32
2024,2,6,205.0
2024,3,1,5216.0
2024,3,2,17.0
2024,3,7,10.0
2024,3,3,0.07
2024,3,4,324.0
2024,3,5,0.32
2024,3,6,205.0
2024,4,1,7322.0
2024,4,2,13.0
2024,4,7,10.0
2024,4,3,0.07
2024,4,4,456.0
2024,4,5,0.32
2024,4,6,205.0
2024,5,1,4513.0
2024,5,2,8.0
2024,5,7,10.0
2024,5,3,0.07
2024,5,4,432.0
2024,5,5,0.32
2024,5,6,205.0
2024,6,1,4814.0
2024,6,2,26.0
2024,6,7,10.0
2024,6,3,0.07
2024,6,4,312.0
2024,6,5,0.32
2024,6,6,205.0
2024,7,1,5115.0
2024,7,2,13.0
2024,7,7,10.0
2024,7,3,0.07
2024,7,4,372.0
2024,7,5,0.32
2024,7,6,205.0
2024,8,1,3711.0
2024,8,2,8.0
2024,8,7,10.0
2024,8,3,0.07
2024,8,4,276.0
2024,8,5,0.32
2024,8,6,205.0
2025,1,1,5634.0
2025,1,2,19.0
2025,1,7,10.0
2025,1,3,0.07
2025,1,4,279.0
2025,1,5,0.32
2025,1,6,205.0
2025,2,1,4728.0
2025,2,2,38.0
2025,2,7,10.0
2025,2,3,0.07
2025,2,4,233.0
2025,2,5,0.32
2025,2,6,205.0
2025,3,1,5231.0
2025,3,2,19.0
2025,3,7,10.0
2025,3,3,0.07
2025,3,4,314.0
2025,3,5,0.32
2025,3,6,205.0
2025,4,1,7344.0
2025,4,2,14.0
2025,4,7,10.0
2025,4,3,0.07
2025,4,4,442.0
2025,4,5,0.32
2025,4,6,205.0
2025,5,1,4527.0
2025,5,2,10.0
2025,5,7,10.0
2025,5,3,0.07
2025,5,4,419.0
2025,5,5,0.32
2025,5,6,205.0
2025,6,1,4829.0
2025,6,2,28.0
2025,6,7,10.0
2025,6,3,0.07
2025,6,4,303.0
2025,6,5,0.32
2025,6,6,205.0
2025,7,1,5131.0
2025,7,2,14.0
2025,7,7,10.0
2025,7,3,0.07
2025,7,4,361.0
2025,7,5,0.32
2025,7,6,205.0
2025,8,1,3722.0
2025,8,2,10.0
2025,8,7,10.0
2025,8,3,0.07
2025,8,4,268.0
2025,8,5,0.32
2025,8,6,205.0
2026,1,1,5655.0
2026,1,2,20.0
2026,1,7,10.0
2026,1,3,0.07
2026,1,4,271.0
2026,1,5,0.32
2026,1,6,205.0
2026,2,1,4746.0
2026,2,2,40.0
2026,2,7,10.0
2026,2,3,0.07
2026,2,4,226.0
2026,2,5,0.32
2026,2,6,205.0
2026,3,1,5251.0
2026,3,2,20.0
2026,3,7,10.0
2026,3,3,0.07
2026,3,4,305.0
2026,3,5,0.32
2026,3,6,205.0
2026,4,1,7372.0
2026,4,2,15.0
2026,4,7,10.0
2026,4,3,0.07
2026,4,4,429.0
2026,4,5,0.32
2026,4,6,205.0
2026,5,1,4544.0
2026,5,2,10.0
2026,5,7,10.0
2026,5,3,0.07
2026,5,4,406.0
2026,5,5,0.32
2026,5,6,205.0
2026,6,1,4847.0
2026,6,2,30.0
2026,6,7,10.0
2026,6,3,0.07
2026,6,4,293.0
2026,6,5,0.32
2026,6,6,205.0
2026,7,1,5150.0
2026,7,2,15.0
2026,7,7,10.0
2026,7,3,0.07
2026,7,4,350.0
2026,7,5,0.32
2026,7,6,205.0
2026,8,1,3736.0
2026,8,2,10.0
2026,8,7,10.0
2026,8,3,0.07
2026,8,4,259.0
2026,8,5,0.32
2026,8,6,205.0
