Datum,Wijk_ID,Inwoners,Huishoudens
2024-01-01,1,5605,2669
2024-01-01,2,4710,2243
2024-01-01,3,5201,2477
2024-01-01,4,7306,3479
2024-01-01,5,4503,2144
2024-01-01,6,4808,2290
2024-01-01,7,5100,2429
2024-01-01,8,3702,1763
2024-02-01,1,5610,2671
2024-02-01,2,4720,2248
2024-02-01,3,5206,2479
2024-02-01,4,7311,3481
2024-02-01,5,4507,2146
2024-02-01,6,4816,2293
2024-02-01,7,5103,2430
2024-02-01,8,3707,1765
2024-03-01,1,5619,2676
2024-03-01,2,4730,2252
2024-03-01,3,5212,2482
2024-03-01,4,7313,3482
2024-03-01,5,4511,2148
2024-03-01,6,4823,2297
2024-03-01,7,5103,2430
2024-03-01,8,3710,1767
2024-04-01,1,5623,2678
2024-04-01,2,4741,2258
2024-04-01,3,5218,2485
2024-04-01,4,7320,3486
2024-04-01,5,4514,2150
2024-04-01,6,4829,2300
2024-04-01,7,5105,2431
2024-04-01,8,3711,1767
2024-05-01,1,5628,2680
2024-05-01,2,4750,2262
2024-05-01,3,5224,2488
2024-05-01,4,7326,3489
2024-05-01,5,4515,2150
2024-05-01,6,4835,2302
2024-05-01,7,5111,2434
2024-05-01,8,3716,1770
2024-06-01,1,5637,2684
2024-06-01,2,4761,2267
2024-06-01,3,5228,2490
2024-06-01,4,7326,3489
2024-06-01,5,4517,2151
2024-06-01,6,4841,2305
2024-06-01,7,5111,2434
2024-06-01,8,3716,1770
2024-07-01,1,5642,2687
2024-07-01,2,4769,2271
2024-07-01,3,5235,2493
2024-07-01,4,7329,3490
2024-07-01,5,4519,2152
2024-07-01,6,4847,2308
2024-07-01,7,5116,2436
2024-07-01,8,3720,1771
2024-08-01,1,5645,2688
2024-08-01,2,4779,2276
2024-08-01,3,5239,2495
2024-08-01,4,7333,3492
2024-08-01,5,4520,2152
2024-08-01,6,4857,2313
2024-08-01,7,5122,2439
2024-08-01,8,3723,1773
2024-09-01,1,5652,2691
2024-09-01,2,4785,2279
2024-09-01,3,5247,2499
2024-09-01,4,7336,3493
2024-09-01,5,4528,2156
2024-09-01,6,4865,2317
2024-09-01,7,5124,2440
2024-09-01,8,3725,1774
2024-10-01,1,5659,2695
2024-10-01,2,4796,2284
2024-10-01,3,5251,2500
2024-10-01,4,7334,3492
2024-10-01,5,4532,2158
2024-10-01,6,4871,2320
2024-10-01,7,5128,2442
2024-10-01,8,3730,1776
2024-11-01,1,5665,2698
2024-11-01,2,4807,2289
2024-11-01,3,5258,2504
2024-11-01,4,7337,3494
2024-11-01,5,4537,2160
2024-11-01,6,4880,2324
2024-11-01,7,5129,2442
2024-11-01,8,3731,1777
2024-12-01,1,5670,2700
2024-12-01,2,4818,2294
2024-12-01,3,5261,2505
2024-12-01,4,7342,3496
2024-12-01,5,4542,2163
2024-12-01,6,4889,2328
2024-12-01,7,5132,2444
2024-12-01,8,3732,1777
2025-01-01,1,5674,2702
2025-01-01,2,4828,2299
2025-01-01,3,5265,2507
2025-01-01,4,7344,3497
2025-01-01,5,4546,2165
2025-01-01,6,4897,2332
2025-01-01,7,5135,2445
2025-01-01,8,3734,1778
2025-02-01,1,5676,2703
2025-02-01,2,4836,2303
2025-02-01,3,5269,2509
2025-02-01,4,7348,3499
2025-02-01,5,4545,2164
2025-02-01,6,4905,2336
2025-02-01,7,5140,2448
2025-02-01,8,3738,1780
2025-03-01,1,5685,2707
2025-03-01,2,4846,2308
2025-03-01,3,5271,2510
2025-03-01,4,7352,3501
2025-03-01,5,4528,2156
2025-03-01,6,4912,2339
2025-03-01,7,5143,2449
2025-03-01,8,3738,1780
2025-04-01,1,5690,2710
2025-04-01,2,4860,2314
2025-04-01,3,5275,2512
2025-04-01,4,7355,3502
2025-04-01,5,4509,2147
2025-04-01,6,4921,2343
2025-04-01,7,5146,2450
2025-04-01,8,3743,1782
2025-05-01,1,5696,2712
2025-05-01,2,4870,2319
2025-05-01,3,5280,2514
2025-05-01,4,7355,3502
2025-05-01,5,4488,2137
2025-05-01,6,4929,2347
2025-05-01,7,5150,2452
2025-05-01,8,3745,1783
2025-06-01,1,5703,2716
2025-06-01,2,4877,2322
2025-06-01,3,5283,2516
2025-06-01,4,7360,3505
2025-06-01,5,4468,2128
2025-06-01,6,4937,2351
2025-06-01,7,5154,2454
2025-06-01,8,3746,1784
2025-07-01,1,5708,2718
2025-07-01,2,4887,2327
2025-07-01,3,5288,2518
2025-07-01,4,7366,3508
2025-07-01,5,4449,2119
2025-07-01,6,4945,2355
2025-07-01,7,5155,2455
2025-07-01,8,3748,1785
2025-08-01,1,5711,2720
2025-08-01,2,4895,2331
2025-08-01,3,5290,2519
2025-08-01,4,7374,3511
2025-08-01,5,4431,2110
2025-08-01,6,4952,2358
2025-08-01,7,5155,2455
2025-08-01,8,3748,1785
2025-09-01,1,5712,2720
2025-09-01,2,4903,2335
2025-09-01,3,5296,2522
2025-09-01,4,7381,3515
2025-09-01,5,4410,2100
2025-09-01,6,4963,2363
2025-09-01,7,5156,2455
2025-09-01,8,3751,1786
2025-10-01,1,5722,2725
2025-10-01,2,4912,2339
2025-10-01,3,5301,2524
2025-10-01,4,7382,3515
2025-10-01,5,4390,2090
2025-10-01,6,4971,2367
2025-10-01,7,5156,2455
2025-10-01,8,3750,1786
2025-11-01,1,5728,2728
2025-11-01,2,4925,2345
2025-11-01,3,5307,2527
2025-11-01,4,7388,3518
2025-11-01,5,4370,2081
2025-11-01,6,4977,2370
2025-11-01,7,5161,2458
2025-11-01,8,3753,1787
2025-12-01,1,5732,2730
2025-12-01,2,4934,2350
2025-12-01,3,5309,2528
2025-12-01,4,7388,3518
2025-12-01,5,4353,2073
2025-12-01,6,4987,2375
2025-12-01,7,5164,2459
2025-12-01,8,3755,1788
2026-01-01,1,5738,2732
2026-01-01,2,4944,2354
2026-01-01,3,5314,2530
2026-01-01,4,7392,3520
2026-01-01,5,4336,2065
2026-01-01,6,4997,2380
2026-01-01,7,5167,2460
2026-01-01,8,3758,1790
2026-02-01,1,5742,2734
2026-02-01,2,4955,2360
2026-02-01,3,5321,2534
2026-02-01,4,7400,3524
2026-02-01,5,4319,2057
2026-02-01,6,5004,2383
2026-02-01,7,5172,2463
2026-02-01,8,3760,1790
2026-03-01,1,5748,2737
2026-03-01,2,4966,2365
2026-03-01,3,5328,2537
2026-03-01,4,7401,3524
2026-03-01,5,4298,2047
2026-03-01,6,5012,2387
2026-03-01,7,5178,2466
2026-03-01,8,3763,1792
2026-04-01,1,5754,2740
2026-04-01,2,4976,2370
2026-04-01,3,5334,2540
2026-04-01,4,7403,3525
2026-04-01,5,4281,2039
2026-04-01,6,5019,2390
2026-04-01,7,5181,2467
2026-04-01,8,3766,1793
2026-05-01,1,5759,2742
2026-05-01,2,4990,2376
2026-05-01,3,5336,2541
2026-05-01,4,7404,3526
2026-05-01,5,4263,2030
2026-05-01,6,5027,2394
2026-05-01,7,5186,2470
2026-05-01,8,3767,1794
2026-06-01,1,5765,2745
2026-06-01,2,5002,2382
2026-06-01,3,5341,2543
2026-06-01,4,7405,3526
2026-06-01,5,4247,2022
2026-06-01,6,5034,2397
2026-06-01,7,5186,2470
2026-06-01,8,3769,1795
2026-07-01,1,5772,2749
2026-07-01,2,5012,2387
2026-07-01,3,5348,2547
2026-07-01,4,7411,3529
2026-07-01,5,4231,2015
2026-07-01,6,5041,2400
2026-07-01,7,5192,2472
2026-07-01,8,3769,1795
2026-08-01,1,5780,2752
2026-08-01,2,5021,2391
2026-08-01,3,5355,2550
2026-08-01,4,7409,3528
2026-08-01,5,4213,2006
2026-08-01,6,5050,2405
2026-08-01,7,5194,2473
2026-08-01,8,3772,1796
2026-09-01,1,5788,2756
2026-09-01,2,5033,2397
2026-09-01,3,5360,2552
2026-09-01,4,7412,3530
2026-09-01,5,4192,1996
2026-09-01,6,5059,2409
2026-09-01,7,5200,2476
2026-09-01,8,3774,1797
