Datum,Wijk_ID,KPI_ID,Teller,Noemer
2024-01-01,1,1,5605.0,1
2024-01-01,1,2,1.0,1
2024-01-01,1,7,10.0,1
2024-01-01,1,3,209.0,2915
2024-01-01,1,4,23.7,1
2024-01-01,1,5,387.0,2548
2024-01-01,1,6,768381.0,2669
2024-02-01,1,1,5610.0,1
2024-02-01,1,2,4.0,1
2024-02-01,1,7,6.0,1
2024-02-01,1,3,203.0,2917
2024-02-01,1,4,22.8,1
2024-02-01,1,5,367.0,2550
2024-02-01,1,6,727987.0,2671
2024-03-01,1,1,5619.0,1
2024-03-01,1,2,0.0,1
2024-03-01,1,7,8.0,1
2024-03-01,1,3,209.0,2922
2024-03-01,1,4,22.6,1
2024-03-01,1,5,390.0,2554
2024-03-01,1,6,688005.0,2676
2024-04-01,1,1,5623.0,1
2024-04-01,1,2,2.0,1
2024-04-01,1,7,6.0,1
2024-04-01,1,3,211.0,2924
2024-04-01,1,4,21.4,1
2024-04-01,1,5,396.0,2556
2024-04-01,1,6,610627.0,2678
2024-05-01,1,1,5628.0,1
2024-05-01,1,2,1.0,1
2024-05-01,1,7,7.0,1
2024-05-01,1,3,201.0,2927
2024-05-01,1,4,20.4,1
2024-05-01,1,5,415.0,2558
2024-05-01,1,6,531063.0,2680
2024-06-01,1,1,5637.0,1
2024-06-01,1,2,0.0,1
2024-06-01,1,7,7.0,1
2024-06-01,1,3,206.0,2931
2024-06-01,1,4,20.1,1
2024-06-01,1,5,407.0,2562
2024-06-01,1,6,512600.0,2684
2024-07-01,1,1,5642.0,1
2024-07-01,1,2,2.0,1
2024-07-01,1,7,8.0,1
2024-07-01,1,3,218.0,2934
2024-07-01,1,4,20.1,1
2024-07-01,1,5,425.0,2565
2024-07-01,1,6,472392.0,2687
2024-08-01,1,1,5645.0,1
2024-08-01,1,2,1.0,1
2024-08-01,1,7,11.0,1
2024-08-01,1,3,205.0,2935
2024-08-01,1,4,20.4,1
2024-08-01,1,5,402.0,2566
2024-08-01,1,6,487865.0,2688
2024-09-01,1,1,5652.0,1
2024-09-01,1,2,3.0,1
2024-09-01,1,7,7.0,1
2024-09-01,1,3,229.0,2939
2024-09-01,1,4,21.0,1
2024-09-01,1,5,421.0,2569
2024-09-01,1,6,555901.0,2691
2024-10-01,1,1,5659.0,1
2024-10-01,1,2,0.0,1
2024-10-01,1,7,8.0,1
2024-10-01,1,3,207.0,2943
2024-10-01,1,4,22.2,1
2024-10-01,1,5,433.0,2572
2024-10-01,1,6,609466.0,2695
2024-11-01,1,1,5665.0,1
2024-11-01,1,2,2.0,1
2024-11-01,1,7,6.0,1
2024-11-01,1,3,213.0,2946
2024-11-01,1,4,22.4,1
2024-11-01,1,5,422.0,2575
2024-11-01,1,6,674486.0,2698
2024-12-01,1,1,5670.0,1
2024-12-01,1,2,1.0,1
2024-12-01,1,7,6.0,1
2024-12-01,1,3,233.0,2948
2024-12-01,1,4,22.8,1
2024-12-01,1,5,438.0,2577
2024-12-01,1,6,738022.0,2700
2025-01-01,1,1,5674.0,1
2025-01-01,1,2,4.0,1
2025-01-01,1,7,7.0,1
2025-01-01,1,3,225.0,2950
2025-01-01,1,4,22.6,1
2025-01-01,1,5,446.0,2579
2025-01-01,1,6,732610.0,2702
2025-02-01,1,1,5676.0,1
2025-02-01,1,2,1.0,1
2025-02-01,1,7,6.0,1
2025-02-01,1,3,226.0,2952
2025-02-01,1,4,22.8,1
2025-02-01,1,5,450.0,2580
2025-02-01,1,6,728919.0,2703
2025-03-01,1,1,5685.0,1
2025-03-01,1,2,3.0,1
2025-03-01,1,7,7.0,1
2025-03-01,1,3,211.0,2956
2025-03-01,1,4,21.6,1
2025-03-01,1,5,457.0,2584
2025-03-01,1,6,662434.0,2707
2025-04-01,1,1,5690.0,1
2025-04-01,1,2,1.0,1
2025-04-01,1,7,5.0,1
2025-04-01,1,3,217.0,2959
2025-04-01,1,4,22.0,1
2025-04-01,1,5,455.0,2586
2025-04-01,1,6,606282.0,2710
2025-05-01,1,1,5696.0,1
2025-05-01,1,2,1.0,1
2025-05-01,1,7,7.0,1
2025-05-01,1,3,223.0,2962
2025-05-01,1,4,20.2,1
2025-05-01,1,5,466.0,2589
2025-05-01,1,6,522702.0,2712
2025-06-01,1,1,5703.0,1
2025-06-01,1,2,0.0,1
2025-06-01,1,7,6.0,1
2025-06-01,1,3,218.0,2966
2025-06-01,1,4,20.3,1
2025-06-01,1,5,468.0,2592
2025-06-01,1,6,485416.0,2716
2025-07-01,1,1,5708.0,1
2025-07-01,1,2,3.0,1
2025-07-01,1,7,7.0,1
2025-07-01,1,3,225.0,2968
2025-07-01,1,4,19.9,1
2025-07-01,1,5,478.0,2595
2025-07-01,1,6,467189.0,2718
2025-08-01,1,1,5711.0,1
2025-08-01,1,2,1.0,1
2025-08-01,1,7,8.0,1
2025-08-01,1,3,228.0,2970
2025-08-01,1,4,19.7,1
2025-08-01,1,5,480.0,2596
2025-08-01,1,6,501296.0,2720
2025-09-01,1,1,5712.0,1
2025-09-01,1,2,2.0,1
2025-09-01,1,7,4.0,1
2025-09-01,1,3,218.0,2970
2025-09-01,1,4,20.8,1
2025-09-01,1,5,486.0,2596
2025-09-01,1,6,522456.0,2720
2025-10-01,1,1,5722.0,1
2025-10-01,1,2,1.0,1
2025-10-01,1,7,7.0,1
2025-10-01,1,3,232.0,2975
2025-10-01,1,4,21.3,1
2025-10-01,1,5,491.0,2601
2025-10-01,1,6,592311.0,2725
2025-11-01,1,1,5728.0,1
2025-11-01,1,2,1.0,1
2025-11-01,1,7,6.0,1
2025-11-01,1,3,236.0,2979
2025-11-01,1,4,21.7,1
2025-11-01,1,5,494.0,2604
2025-11-01,1,6,661202.0,2728
2025-12-01,1,1,5732.0,1
2025-12-01,1,2,1.0,1
2025-12-01,1,7,6.0,1
2025-12-01,1,3,231.0,2981
2025-12-01,1,4,22.4,1
2025-12-01,1,5,500.0,2605
2025-12-01,1,6,730338.0,2730
2026-01-01,1,1,5738.0,1
2026-01-01,1,2,2.0,1
2026-01-01,1,7,5.0,1
2026-01-01,1,3,232.0,2984
2026-01-01,1,4,21.8,1
2026-01-01,1,5,495.0,2608
2026-01-01,1,6,737167.0,2732
2026-02-01,1,1,5742.0,1
2026-02-01,1,2,0.0,1
2026-02-01,1,7,6.0,1
2026-02-01,1,3,215.0,2986
2026-02-01,1,4,21.2,1
2026-02-01,1,5,508.0,2610
2026-02-01,1,6,691343.0,2734
2026-03-01,1,1,5748.0,1
2026-03-01,1,2,4.0,1
2026-03-01,1,7,4.0,1
2026-03-01,1,3,236.0,2989
2026-03-01,1,4,21.0,1
2026-03-01,1,5,515.0,2613
2026-03-01,1,6,646739.0,2737
2026-04-01,1,1,5754.0,1
2026-04-01,1,2,2.0,1
2026-04-01,1,7,6.0,1
2026-04-01,1,3,225.0,2992
2026-04-01,1,4,20.6,1
2026-04-01,1,5,518.0,2615
2026-04-01,1,6,569736.0,2740
2026-05-01,1,1,5759.0,1
2026-05-01,1,2,0.0,1
2026-05-01,1,7,6.0,1
2026-05-01,1,3,228.0,2995
2026-05-01,1,4,19.9,1
2026-05-01,1,5,522.0,2618
2026-05-01,1,6,523672.0,2742
2026-06-01,1,1,5765.0,1
2026-06-01,1,2,1.0,1
2026-06-01,1,7,4.0,1
2026-06-01,1,3,230.0,2998
2026-06-01,1,4,19.0,1
2026-06-01,1,5,517.0,2620
2026-06-01,1,6,460501.0,2745
2026-07-01,1,1,5772.0,1
2026-07-01,1,2,1.0,1
2026-07-01,1,7,5.0,1
2026-07-01,1,3,243.0,3001
2026-07-01,1,4,19.5,1
2026-07-01,1,5,536.0,2624
2026-07-01,1,6,458857.0,2749
2026-08-01,1,1,5780.0,1
2026-08-01,1,2,3.0,1
2026-08-01,1,7,6.0,1
2026-08-01,1,3,231.0,3006
2026-08-01,1,4,19.3,1
2026-08-01,1,5,527.0,2627
2026-08-01,1,6,486109.0,2752
2026-09-01,1,1,5788.0,1
2026-09-01,1,2,3.0,1
2026-09-01,1,7,4.0,1
2026-09-01,1,3,224.0,3010
2026-09-01,1,4,18.7,1
2026-09-01,1,5,544.0,2631
2026-09-01,1,6,518798.0,2756
2024-01-01,2,1,4710.0,1
2024-01-01,2,2,3.0,1
2024-01-01,2,7,14.0,1
2024-01-01,2,3,171.0,2449
2024-01-01,2,4,19.2,1
2024-01-01,2,5,380.0,2141
2024-01-01,2,6,509608.0,2243
2024-02-01,2,1,4720.0,1
2024-02-01,2,2,4.0,1
2024-02-01,2,7,13.0,1
2024-02-01,2,3,172.0,2454
2024-02-01,2,4,18.2,1
2024-02-01,2,5,384.0,2145
2024-02-01,2,6,504707.0,2248
2024-03-01,2,1,4730.0,1
2024-03-01,2,2,5.0,1
2024-03-01,2,7,15.0,1
2024-03-01,2,3,165.0,2460
2024-03-01,2,4,18.8,1
2024-03-01,2,5,394.0,2150
2024-03-01,2,6,477267.0,2252
2024-04-01,2,1,4741.0,1
2024-04-01,2,2,2.0,1
2024-04-01,2,7,12.0,1
2024-04-01,2,3,181.0,2465
2024-04-01,2,4,17.6,1
2024-04-01,2,5,400.0,2155
2024-04-01,2,6,428581.0,2258
2024-05-01,2,1,4750.0,1
2024-05-01,2,2,2.0,1
2024-05-01,2,7,12.0,1
2024-05-01,2,3,173.0,2470
2024-05-01,2,4,17.3,1
2024-05-01,2,5,393.0,2159
2024-05-01,2,6,381278.0,2262
2024-06-01,2,1,4761.0,1
2024-06-01,2,2,0.0,1
2024-06-01,2,7,11.0,1
2024-06-01,2,3,187.0,2476
2024-06-01,2,4,17.2,1
2024-06-01,2,5,399.0,2164
2024-06-01,2,6,346454.0,2267
2024-07-01,2,1,4769.0,1
2024-07-01,2,2,2.0,1
2024-07-01,2,7,12.0,1
2024-07-01,2,3,186.0,2480
2024-07-01,2,4,16.3,1
2024-07-01,2,5,412.0,2168
2024-07-01,2,6,321861.0,2271
2024-08-01,2,1,4779.0,1
2024-08-01,2,2,5.0,1
2024-08-01,2,7,12.0,1
2024-08-01,2,3,173.0,2485
2024-08-01,2,4,17.0,1
2024-08-01,2,5,418.0,2172
2024-08-01,2,6,339085.0,2276
2024-09-01,2,1,4785.0,1
2024-09-01,2,2,3.0,1
2024-09-01,2,7,11.0,1
2024-09-01,2,3,183.0,2488
2024-09-01,2,4,17.0,1
2024-09-01,2,5,420.0,2175
2024-09-01,2,6,369419.0,2279
2024-10-01,2,1,4796.0,1
2024-10-01,2,2,3.0,1
2024-10-01,2,7,12.0,1
2024-10-01,2,3,184.0,2494
2024-10-01,2,4,17.5,1
2024-10-01,2,5,424.0,2180
2024-10-01,2,6,424307.0,2284
2024-11-01,2,1,4807.0,1
2024-11-01,2,2,2.0,1
2024-11-01,2,7,11.0,1
2024-11-01,2,3,183.0,2500
2024-11-01,2,4,18.4,1
2024-11-01,2,5,439.0,2185
2024-11-01,2,6,469861.0,2289
2024-12-01,2,1,4818.0,1
2024-12-01,2,2,3.0,1
2024-12-01,2,7,13.0,1
2024-12-01,2,3,175.0,2505
2024-12-01,2,4,18.7,1
2024-12-01,2,5,432.0,2190
2024-12-01,2,6,504502.0,2294
2025-01-01,2,1,4828.0,1
2025-01-01,2,2,2.0,1
2025-01-01,2,7,11.0,1
2025-01-01,2,3,184.0,2511
2025-01-01,2,4,18.5,1
2025-01-01,2,5,442.0,2195
2025-01-01,2,6,520583.0,2299
2025-02-01,2,1,4836.0,1
2025-02-01,2,2,3.0,1
2025-02-01,2,7,12.0,1
2025-02-01,2,3,176.0,2515
2025-02-01,2,4,17.9,1
2025-02-01,2,5,450.0,2198
2025-02-01,2,6,511288.0,2303
2025-03-01,2,1,4846.0,1
2025-03-01,2,2,5.0,1
2025-03-01,2,7,10.0,1
2025-03-01,2,3,189.0,2520
2025-03-01,2,4,18.1,1
2025-03-01,2,5,456.0,2203
2025-03-01,2,6,459330.0,2308
2025-04-01,2,1,4860.0,1
2025-04-01,2,2,1.0,1
2025-04-01,2,7,13.0,1
2025-04-01,2,3,184.0,2527
2025-04-01,2,4,17.2,1
2025-04-01,2,5,467.0,2209
2025-04-01,2,6,433221.0,2314
2025-05-01,2,1,4870.0,1
2025-05-01,2,2,7.0,1
2025-05-01,2,7,12.0,1
2025-05-01,2,3,196.0,2532
2025-05-01,2,4,17.2,1
2025-05-01,2,5,464.0,2214
2025-05-01,2,6,378158.0,2319
2025-06-01,2,1,4877.0,1
2025-06-01,2,2,2.0,1
2025-06-01,2,7,8.0,1
2025-06-01,2,3,207.0,2536
2025-06-01,2,4,16.3,1
2025-06-01,2,5,462.0,2217
2025-06-01,2,6,341998.0,2322
2025-07-01,2,1,4887.0,1
2025-07-01,2,2,1.0,1
2025-07-01,2,7,11.0,1
2025-07-01,2,3,202.0,2541
2025-07-01,2,4,16.3,1
2025-07-01,2,5,467.0,2221
2025-07-01,2,6,326949.0,2327
2025-08-01,2,1,4895.0,1
2025-08-01,2,2,3.0,1
2025-08-01,2,7,11.0,1
2025-08-01,2,3,188.0,2545
2025-08-01,2,4,17.1,1
2025-08-01,2,5,487.0,2225
2025-08-01,2,6,355349.0,2331
2025-09-01,2,1,4903.0,1
2025-09-01,2,2,4.0,1
2025-09-01,2,7,13.0,1
2025-09-01,2,3,204.0,2550
2025-09-01,2,4,16.7,1
2025-09-01,2,5,480.0,2229
2025-09-01,2,6,371076.0,2335
2025-10-01,2,1,4912.0,1
2025-10-01,2,2,3.0,1
2025-10-01,2,7,10.0,1
2025-10-01,2,3,183.0,2554
2025-10-01,2,4,17.6,1
2025-10-01,2,5,482.0,2233
2025-10-01,2,6,415933.0,2339
2025-11-01,2,1,4925.0,1
2025-11-01,2,2,4.0,1
2025-11-01,2,7,11.0,1
2025-11-01,2,3,197.0,2561
2025-11-01,2,4,17.7,1
2025-11-01,2,5,500.0,2239
2025-11-01,2,6,486100.0,2345
2025-12-01,2,1,4934.0,1
2025-12-01,2,2,3.0,1
2025-12-01,2,7,10.0,1
2025-12-01,2,3,195.0,2566
2025-12-01,2,4,17.4,1
2025-12-01,2,5,490.0,2243
2025-12-01,2,6,507766.0,2350
2026-01-01,2,1,4944.0,1
2026-01-01,2,2,2.0,1
2026-01-01,2,7,11.0,1
2026-01-01,2,3,197.0,2571
2026-01-01,2,4,17.8,1
2026-01-01,2,5,498.0,2247
2026-01-01,2,6,513553.0,2354
2026-02-01,2,1,4955.0,1
2026-02-01,2,2,2.0,1
2026-02-01,2,7,8.0,1
2026-02-01,2,3,202.0,2577
2026-02-01,2,4,18.4,1
2026-02-01,2,5,504.0,2252
2026-02-01,2,6,486861.0,2360
2026-03-01,2,1,4966.0,1
2026-03-01,2,2,6.0,1
2026-03-01,2,7,9.0,1
2026-03-01,2,3,196.0,2582
2026-03-01,2,4,17.9,1
2026-03-01,2,5,512.0,2257
2026-03-01,2,6,459071.0,2365
2026-04-01,2,1,4976.0,1
2026-04-01,2,2,2.0,1
2026-04-01,2,7,10.0,1
2026-04-01,2,3,207.0,2588
2026-04-01,2,4,17.7,1
2026-04-01,2,5,528.0,2262
2026-04-01,2,6,420287.0,2370
2026-05-01,2,1,4990.0,1
2026-05-01,2,2,2.0,1
2026-05-01,2,7,9.0,1
2026-05-01,2,3,201.0,2595
2026-05-01,2,4,16.4,1
2026-05-01,2,5,526.0,2268
2026-05-01,2,6,377220.0,2376
2026-06-01,2,1,5002.0,1
2026-06-01,2,2,5.0,1
2026-06-01,2,7,10.0,1
2026-06-01,2,3,197.0,2601
2026-06-01,2,4,16.9,1
2026-06-01,2,5,517.0,2274
2026-06-01,2,6,348734.0,2382
2026-07-01,2,1,5012.0,1
2026-07-01,2,2,4.0,1
2026-07-01,2,7,8.0,1
2026-07-01,2,3,194.0,2606
2026-07-01,2,4,16.1,1
2026-07-01,2,5,544.0,2278
2026-07-01,2,6,342302.0,2387
2026-08-01,2,1,5021.0,1
2026-08-01,2,2,1.0,1
2026-08-01,2,7,10.0,1
2026-08-01,2,3,204.0,2611
2026-08-01,2,4,15.4,1
2026-08-01,2,5,537.0,2282
2026-08-01,2,6,324629.0,2391
2026-09-01,2,1,5033.0,1
2026-09-01,2,2,5.0,1
2026-09-01,2,7,9.0,1
2026-09-01,2,3,205.0,2617
2026-09-01,2,4,16.0,1
2026-09-01,2,5,548.0,2288
2026-09-01,2,6,389718.0,2397
2024-01-01,3,1,5201.0,1
2024-01-01,3,2,3.0,1
2024-01-01,3,7,9.0,1
2024-01-01,3,3,200.0,2705
2024-01-01,3,4,28.2,1
2024-01-01,3,5,357.0,2364
2024-01-01,3,6,702517.0,2477
2024-02-01,3,1,5206.0,1
2024-02-01,3,2,0.0,1
2024-02-01,3,7,7.0,1
2024-02-01,3,3,193.0,2707
2024-02-01,3,4,27.4,1
2024-02-01,3,5,347.0,2366
2024-02-01,3,6,678075.0,2479
2024-03-01,3,1,5212.0,1
2024-03-01,3,2,2.0,1
2024-03-01,3,7,9.0,1
2024-03-01,3,3,192.0,2710
2024-03-01,3,4,27.3,1
2024-03-01,3,5,377.0,2369
2024-03-01,3,6,625645.0,2482
2024-04-01,3,1,5218.0,1
2024-04-01,3,2,2.0,1
2024-04-01,3,7,6.0,1
2024-04-01,3,3,203.0,2713
2024-04-01,3,4,25.5,1
2024-04-01,3,5,367.0,2372
2024-04-01,3,6,567635.0,2485
2024-05-01,3,1,5224.0,1
2024-05-01,3,2,2.0,1
2024-05-01,3,7,10.0,1
2024-05-01,3,3,200.0,2716
2024-05-01,3,4,25.7,1
2024-05-01,3,5,364.0,2375
2024-05-01,3,6,511767.0,2488
2024-06-01,3,1,5228.0,1
2024-06-01,3,2,0.0,1
2024-06-01,3,7,7.0,1
2024-06-01,3,3,197.0,2719
2024-06-01,3,4,23.4,1
2024-06-01,3,5,374.0,2376
2024-06-01,3,6,430693.0,2490
2024-07-01,3,1,5235.0,1
2024-07-01,3,2,1.0,1
2024-07-01,3,7,7.0,1
2024-07-01,3,3,207.0,2722
2024-07-01,3,4,24.3,1
2024-07-01,3,5,382.0,2380
2024-07-01,3,6,438992.0,2493
2024-08-01,3,1,5239.0,1
2024-08-01,3,2,1.0,1
2024-08-01,3,7,7.0,1
2024-08-01,3,3,197.0,2724
2024-08-01,3,4,23.8,1
2024-08-01,3,5,379.0,2381
2024-08-01,3,6,481847.0,2495
2024-09-01,3,1,5247.0,1
2024-09-01,3,2,0.0,1
2024-09-01,3,7,8.0,1
2024-09-01,3,3,199.0,2728
2024-09-01,3,4,25.4,1
2024-09-01,3,5,397.0,2385
2024-09-01,3,6,495923.0,2499
2024-10-01,3,1,5251.0,1
2024-10-01,3,2,1.0,1
2024-10-01,3,7,5.0,1
2024-10-01,3,3,188.0,2731
2024-10-01,3,4,25.4,1
2024-10-01,3,5,388.0,2387
2024-10-01,3,6,557127.0,2500
2024-11-01,3,1,5258.0,1
2024-11-01,3,2,4.0,1
2024-11-01,3,7,5.0,1
2024-11-01,3,3,197.0,2734
2024-11-01,3,4,26.7,1
2024-11-01,3,5,388.0,2390
2024-11-01,3,6,633726.0,2504
2024-12-01,3,1,5261.0,1
2024-12-01,3,2,1.0,1
2024-12-01,3,7,6.0,1
2024-12-01,3,3,210.0,2736
2024-12-01,3,4,26.4,1
2024-12-01,3,5,409.0,2391
2024-12-01,3,6,679204.0,2505
2025-01-01,3,1,5265.0,1
2025-01-01,3,2,3.0,1
2025-01-01,3,7,6.0,1
2025-01-01,3,3,206.0,2738
2025-01-01,3,4,26.9,1
2025-01-01,3,5,409.0,2393
2025-01-01,3,6,681202.0,2507
2025-02-01,3,1,5269.0,1
2025-02-01,3,2,4.0,1
2025-02-01,3,7,5.0,1
2025-02-01,3,3,212.0,2740
2025-02-01,3,4,26.6,1
2025-02-01,3,5,417.0,2395
2025-02-01,3,6,669158.0,2509
2025-03-01,3,1,5271.0,1
2025-03-01,3,2,2.0,1
2025-03-01,3,7,6.0,1
2025-03-01,3,3,200.0,2741
2025-03-01,3,4,25.4,1
2025-03-01,3,5,424.0,2396
2025-03-01,3,6,626657.0,2510
2025-04-01,3,1,5275.0,1
2025-04-01,3,2,0.0,1
2025-04-01,3,7,4.0,1
2025-04-01,3,3,198.0,2743
2025-04-01,3,4,25.7,1
2025-04-01,3,5,427.0,2398
2025-04-01,3,6,555399.0,2512
2025-05-01,3,1,5280.0,1
2025-05-01,3,2,0.0,1
2025-05-01,3,7,8.0,1
2025-05-01,3,3,208.0,2746
2025-05-01,3,4,24.1,1
2025-05-01,3,5,423.0,2400
2025-05-01,3,6,479521.0,2514
2025-06-01,3,1,5283.0,1
2025-06-01,3,2,2.0,1
2025-06-01,3,7,6.0,1
2025-06-01,3,3,217.0,2747
2025-06-01,3,4,23.6,1
2025-06-01,3,5,428.0,2401
2025-06-01,3,6,460095.0,2516
2025-07-01,3,1,5288.0,1
2025-07-01,3,2,1.0,1
2025-07-01,3,7,6.0,1
2025-07-01,3,3,194.0,2750
2025-07-01,3,4,24.6,1
2025-07-01,3,5,441.0,2404
2025-07-01,3,6,440049.0,2518
2025-08-01,3,1,5290.0,1
2025-08-01,3,2,1.0,1
2025-08-01,3,7,6.0,1
2025-08-01,3,3,195.0,2751
2025-08-01,3,4,24.3,1
2025-08-01,3,5,442.0,2405
2025-08-01,3,6,465143.0,2519
2025-09-01,3,1,5296.0,1
2025-09-01,3,2,3.0,1
2025-09-01,3,7,7.0,1
2025-09-01,3,3,218.0,2754
2025-09-01,3,4,23.8,1
2025-09-01,3,5,442.0,2407
2025-09-01,3,6,474933.0,2522
2025-10-01,3,1,5301.0,1
2025-10-01,3,2,1.0,1
2025-10-01,3,7,7.0,1
2025-10-01,3,3,200.0,2757
2025-10-01,3,4,24.7,1
2025-10-01,3,5,465.0,2410
2025-10-01,3,6,560162.0,2524
2025-11-01,3,1,5307.0,1
2025-11-01,3,2,1.0,1
2025-11-01,3,7,5.0,1
2025-11-01,3,3,216.0,2760
2025-11-01,3,4,24.6,1
2025-11-01,3,5,463.0,2412
2025-11-01,3,6,616936.0,2527
2025-12-01,3,1,5309.0,1
2025-12-01,3,2,1.0,1
2025-12-01,3,7,4.0,1
2025-12-01,3,3,201.0,2761
2025-12-01,3,4,25.8,1
2025-12-01,3,5,456.0,2413
2025-12-01,3,6,664637.0,2528
2026-01-01,3,1,5314.0,1
2026-01-01,3,2,2.0,1
2026-01-01,3,7,5.0,1
2026-01-01,3,3,209.0,2763
2026-01-01,3,4,26.5,1
2026-01-01,3,5,466.0,2415
2026-01-01,3,6,650785.0,2530
2026-02-01,3,1,5321.0,1
2026-02-01,3,2,3.0,1
2026-02-01,3,7,5.0,1
2026-02-01,3,3,212.0,2767
2026-02-01,3,4,26.5,1
2026-02-01,3,5,474.0,2419
2026-02-01,3,6,666434.0,2534
2026-03-01,3,1,5328.0,1
2026-03-01,3,2,0.0,1
2026-03-01,3,7,3.0,1
2026-03-01,3,3,209.0,2771
2026-03-01,3,4,25.7,1
2026-03-01,3,5,488.0,2422
2026-03-01,3,6,597416.0,2537
2026-04-01,3,1,5334.0,1
2026-04-01,3,2,1.0,1
2026-04-01,3,7,6.0,1
2026-04-01,3,3,211.0,2774
2026-04-01,3,4,25.0,1
2026-04-01,3,5,482.0,2425
2026-04-01,3,6,549020.0,2540
2026-05-01,3,1,5336.0,1
2026-05-01,3,2,1.0,1
2026-05-01,3,7,2.0,1
2026-05-01,3,3,221.0,2775
2026-05-01,3,4,23.2,1
2026-05-01,3,5,496.0,2425
2026-05-01,3,6,494980.0,2541
2026-06-01,3,1,5341.0,1
2026-06-01,3,2,4.0,1
2026-06-01,3,7,4.0,1
2026-06-01,3,3,229.0,2777
2026-06-01,3,4,23.5,1
2026-06-01,3,5,509.0,2428
2026-06-01,3,6,460411.0,2543
2026-07-01,3,1,5348.0,1
2026-07-01,3,2,0.0,1
2026-07-01,3,7,4.0,1
2026-07-01,3,3,214.0,2781
2026-07-01,3,4,23.8,1
2026-07-01,3,5,491.0,2431
2026-07-01,3,6,435852.0,2547
2026-08-01,3,1,5355.0,1
2026-08-01,3,2,2.0,1
2026-08-01,3,7,4.0,1
2026-08-01,3,3,215.0,2785
2026-08-01,3,4,22.6,1
2026-08-01,3,5,484.0,2434
2026-08-01,3,6,440021.0,2550
2026-09-01,3,1,5360.0,1
2026-09-01,3,2,1.0,1
2026-09-01,3,7,4.0,1
2026-09-01,3,3,228.0,2787
2026-09-01,3,4,21.8,1
2026-09-01,3,5,509.0,2436
2026-09-01,3,6,480373.0,2552
2024-01-01,4,1,7306.0,1
2024-01-01,4,2,1.0,1
2024-01-01,4,7,10.0,1
2024-01-01,4,3,279.0,3799
2024-01-01,4,4,47.9,1
2024-01-01,4,5,501.0,3321
2024-01-01,4,6,1126326.0,3479
2024-02-01,4,1,7311.0,1
2024-02-01,4,2,1.0,1
2024-02-01,4,7,4.0,1
2024-02-01,4,3,270.0,3802
2024-02-01,4,4,48.6,1
2024-02-01,4,5,506.0,3323
2024-02-01,4,6,1075953.0,3481
2024-03-01,4,1,7313.0,1
2024-03-01,4,2,0.0,1
2024-03-01,4,7,11.0,1
2024-03-01,4,3,274.0,3803
2024-03-01,4,4,48.7,1
2024-03-01,4,5,511.0,3324
2024-03-01,4,6,1019491.0,3482
2024-04-01,4,1,7320.0,1
2024-04-01,4,2,2.0,1
2024-04-01,4,7,8.0,1
2024-04-01,4,3,273.0,3806
2024-04-01,4,4,48.2,1
2024-04-01,4,5,495.0,3327
2024-04-01,4,6,942940.0,3486
2024-05-01,4,1,7326.0,1
2024-05-01,4,2,1.0,1
2024-05-01,4,7,8.0,1
2024-05-01,4,3,275.0,3810
2024-05-01,4,4,45.2,1
2024-05-01,4,5,499.0,3330
2024-05-01,4,6,802798.0,3489
2024-06-01,4,1,7326.0,1
2024-06-01,4,2,1.0,1
2024-06-01,4,7,7.0,1
2024-06-01,4,3,267.0,3810
2024-06-01,4,4,45.2,1
2024-06-01,4,5,538.0,3330
2024-06-01,4,6,742072.0,3489
2024-07-01,4,1,7329.0,1
2024-07-01,4,2,2.0,1
2024-07-01,4,7,9.0,1
2024-07-01,4,3,283.0,3811
2024-07-01,4,4,43.3,1
2024-07-01,4,5,536.0,3331
2024-07-01,4,6,696831.0,3490
2024-08-01,4,1,7333.0,1
2024-08-01,4,2,1.0,1
2024-08-01,4,7,7.0,1
2024-08-01,4,3,283.0,3813
2024-08-01,4,4,45.5,1
2024-08-01,4,5,547.0,3333
2024-08-01,4,6,727090.0,3492
2024-09-01,4,1,7336.0,1
2024-09-01,4,2,2.0,1
2024-09-01,4,7,7.0,1
2024-09-01,4,3,265.0,3815
2024-09-01,4,4,46.6,1
2024-09-01,4,5,542.0,3335
2024-09-01,4,6,810017.0,3493
2024-10-01,4,1,7334.0,1
2024-10-01,4,2,1.0,1
2024-10-01,4,7,8.0,1
2024-10-01,4,3,254.0,3814
2024-10-01,4,4,47.8,1
2024-10-01,4,5,556.0,3334
2024-10-01,4,6,897829.0,3492
2024-11-01,4,1,7337.0,1
2024-11-01,4,2,1.0,1
2024-11-01,4,7,7.0,1
2024-11-01,4,3,281.0,3815
2024-11-01,4,4,48.3,1
2024-11-01,4,5,545.0,3335
2024-11-01,4,6,985721.0,3494
2024-12-01,4,1,7342.0,1
2024-12-01,4,2,0.0,1
2024-12-01,4,7,6.0,1
2024-12-01,4,3,268.0,3818
2024-12-01,4,4,49.6,1
2024-12-01,4,5,575.0,3337
2024-12-01,4,6,1056291.0,3496
2025-01-01,4,1,7344.0,1
2025-01-01,4,2,0.0,1
2025-01-01,4,7,5.0,1
2025-01-01,4,3,307.0,3819
2025-01-01,4,4,50.1,1
2025-01-01,4,5,552.0,3338
2025-01-01,4,6,1083923.0,3497
2025-02-01,4,1,7348.0,1
2025-02-01,4,2,2.0,1
2025-02-01,4,7,5.0,1
2025-02-01,4,3,293.0,3821
2025-02-01,4,4,49.5,1
2025-02-01,4,5,581.0,3340
2025-02-01,4,6,1058523.0,3499
2025-03-01,4,1,7352.0,1
2025-03-01,4,2,1.0,1
2025-03-01,4,7,4.0,1
2025-03-01,4,3,289.0,3823
2025-03-01,4,4,47.8,1
2025-03-01,4,5,588.0,3342
2025-03-01,4,6,998601.0,3501
2025-04-01,4,1,7355.0,1
2025-04-01,4,2,2.0,1
2025-04-01,4,7,5.0,1
2025-04-01,4,3,293.0,3825
2025-04-01,4,4,50.1,1
2025-04-01,4,5,587.0,3343
2025-04-01,4,6,884439.0,3502
2025-05-01,4,1,7355.0,1
2025-05-01,4,2,0.0,1
2025-05-01,4,7,5.0,1
2025-05-01,4,3,302.0,3825
2025-05-01,4,4,47.6,1
2025-05-01,4,5,617.0,3343
2025-05-01,4,6,784229.0,3502
2025-06-01,4,1,7360.0,1
2025-06-01,4,2,1.0,1
2025-06-01,4,7,6.0,1
2025-06-01,4,3,283.0,3827
2025-06-01,4,4,47.6,1
2025-06-01,4,5,615.0,3345
2025-06-01,4,6,694907.0,3505
2025-07-01,4,1,7366.0,1
2025-07-01,4,2,0.0,1
2025-07-01,4,7,6.0,1
2025-07-01,4,3,287.0,3830
2025-07-01,4,4,46.5,1
2025-07-01,4,5,625.0,3348
2025-07-01,4,6,687693.0,3508
2025-08-01,4,1,7374.0,1
2025-08-01,4,2,4.0,1
2025-08-01,4,7,6.0,1
2025-08-01,4,3,275.0,3834
2025-08-01,4,4,48.0,1
2025-08-01,4,5,617.0,3352
2025-08-01,4,6,737131.0,3511
2025-09-01,4,1,7381.0,1
2025-09-01,4,2,0.0,1
2025-09-01,4,7,4.0,1
2025-09-01,4,3,292.0,3838
2025-09-01,4,4,46.6,1
2025-09-01,4,5,636.0,3355
2025-09-01,4,6,810952.0,3515
2025-10-01,4,1,7382.0,1
2025-10-01,4,2,3.0,1
2025-10-01,4,7,6.0,1
2025-10-01,4,3,310.0,3839
2025-10-01,4,4,47.8,1
2025-10-01,4,5,621.0,3355
2025-10-01,4,6,892022.0,3515
2025-11-01,4,1,7388.0,1
2025-11-01,4,2,1.0,1
2025-11-01,4,7,6.0,1
2025-11-01,4,3,293.0,3842
2025-11-01,4,4,51.5,1
2025-11-01,4,5,641.0,3358
2025-11-01,4,6,977469.0,3518
2025-12-01,4,1,7388.0,1
2025-12-01,4,2,0.0,1
2025-12-01,4,7,6.0,1
2025-12-01,4,3,302.0,3842
2025-12-01,4,4,53.8,1
2025-12-01,4,5,629.0,3358
2025-12-01,4,6,1048761.0,3518
2026-01-01,4,1,7392.0,1
2026-01-01,4,2,3.0,1
2026-01-01,4,7,3.0,1
2026-01-01,4,3,293.0,3844
2026-01-01,4,4,53.4,1
2026-01-01,4,5,648.0,3360
2026-01-01,4,6,1080895.0,3520
2026-02-01,4,1,7400.0,1
2026-02-01,4,2,1.0,1
2026-02-01,4,7,5.0,1
2026-02-01,4,3,292.0,3848
2026-02-01,4,4,53.9,1
2026-02-01,4,5,665.0,3364
2026-02-01,4,6,1027910.0,3524
2026-03-01,4,1,7401.0,1
2026-03-01,4,2,0.0,1
2026-03-01,4,7,2.0,1
2026-03-01,4,3,302.0,3849
2026-03-01,4,4,51.7,1
2026-03-01,4,5,660.0,3364
2026-03-01,4,6,968128.0,3524
2026-04-01,4,1,7403.0,1
2026-04-01,4,2,0.0,1
2026-04-01,4,7,4.0,1
2026-04-01,4,3,278.0,3850
2026-04-01,4,4,50.2,1
2026-04-01,4,5,669.0,3365
2026-04-01,4,6,879314.0,3525
2026-05-01,4,1,7404.0,1
2026-05-01,4,2,0.0,1
2026-05-01,4,7,5.0,1
2026-05-01,4,3,304.0,3850
2026-05-01,4,4,50.6,1
2026-05-01,4,5,672.0,3365
2026-05-01,4,6,763105.0,3526
2026-06-01,4,1,7405.0,1
2026-06-01,4,2,2.0,1
2026-06-01,4,7,4.0,1
2026-06-01,4,3,297.0,3851
2026-06-01,4,4,50.0,1
2026-06-01,4,5,688.0,3366
2026-06-01,4,6,714184.0,3526
2026-07-01,4,1,7411.0,1
2026-07-01,4,2,2.0,1
2026-07-01,4,7,4.0,1
2026-07-01,4,3,306.0,3854
2026-07-01,4,4,48.2,1
2026-07-01,4,5,674.0,3369
2026-07-01,4,6,667415.0,3529
2026-08-01,4,1,7409.0,1
2026-08-01,4,2,1.0,1
2026-08-01,4,7,3.0,1
2026-08-01,4,3,306.0,3853
2026-08-01,4,4,50.2,1
2026-08-01,4,5,689.0,3368
2026-08-01,4,6,696135.0,3528
2026-09-01,4,1,7412.0,1
2026-09-01,4,2,1.0,1
2026-09-01,4,7,4.0,1
2026-09-01,4,3,309.0,3854
2026-09-01,4,4,46.8,1
2026-09-01,4,5,716.0,3369
2026-09-01,4,6,773197.0,3530
2024-01-01,5,1,4503.0,1
2024-01-01,5,2,1.0,1
2024-01-01,5,7,6.0,1
2024-01-01,5,3,169.0,2342
2024-01-01,5,4,47.3,1
2024-01-01,5,5,304.0,2047
2024-01-01,5,6,612483.0,2144
2024-02-01,5,1,4507.0,1
2024-02-01,5,2,0.0,1
2024-02-01,5,7,7.0,1
2024-02-01,5,3,174.0,2344
2024-02-01,5,4,43.1,1
2024-02-01,5,5,317.0,2049
2024-02-01,5,6,583163.0,2146
2024-03-01,5,1,4511.0,1
2024-03-01,5,2,0.0,1
2024-03-01,5,7,8.0,1
2024-03-01,5,3,176.0,2346
2024-03-01,5,4,43.2,1
2024-03-01,5,5,306.0,2050
2024-03-01,5,6,543636.0,2148
2024-04-01,5,1,4514.0,1
2024-04-01,5,2,0.0,1
2024-04-01,5,7,9.0,1
2024-04-01,5,3,165.0,2347
2024-04-01,5,4,44.4,1
2024-04-01,5,5,312.0,2052
2024-04-01,5,6,487729.0,2150
2024-05-01,5,1,4515.0,1
2024-05-01,5,2,1.0,1
2024-05-01,5,7,7.0,1
2024-05-01,5,3,166.0,2348
2024-05-01,5,4,45.3,1
2024-05-01,5,5,327.0,2052
2024-05-01,5,6,432900.0,2150
2024-06-01,5,1,4517.0,1
2024-06-01,5,2,1.0,1
2024-06-01,5,7,6.0,1
2024-06-01,5,3,171.0,2349
2024-06-01,5,4,40.4,1
2024-06-01,5,5,325.0,2053
2024-06-01,5,6,387627.0,2151
2024-07-01,5,1,4519.0,1
2024-07-01,5,2,1.0,1
2024-07-01,5,7,7.0,1
2024-07-01,5,3,171.0,2350
2024-07-01,5,4,41.6,1
2024-07-01,5,5,333.0,2054
2024-07-01,5,6,386071.0,2152
2024-08-01,5,1,4520.0,1
2024-08-01,5,2,0.0,1
2024-08-01,5,7,7.0,1
2024-08-01,5,3,173.0,2350
2024-08-01,5,4,44.6,1
2024-08-01,5,5,338.0,2055
2024-08-01,5,6,390779.0,2152
2024-09-01,5,1,4528.0,1
2024-09-01,5,2,1.0,1
2024-09-01,5,7,9.0,1
2024-09-01,5,3,175.0,2355
2024-09-01,5,4,43.7,1
2024-09-01,5,5,346.0,2058
2024-09-01,5,6,438675.0,2156
2024-10-01,5,1,4532.0,1
2024-10-01,5,2,0.0,1
2024-10-01,5,7,6.0,1
2024-10-01,5,3,177.0,2357
2024-10-01,5,4,44.7,1
2024-10-01,5,5,333.0,2060
2024-10-01,5,6,480168.0,2158
2024-11-01,5,1,4537.0,1
2024-11-01,5,2,0.0,1
2024-11-01,5,7,5.0,1
2024-11-01,5,3,171.0,2359
2024-11-01,5,4,47.1,1
2024-11-01,5,5,338.0,2062
2024-11-01,5,6,552641.0,2160
2024-12-01,5,1,4542.0,1
2024-12-01,5,2,3.0,1
2024-12-01,5,7,7.0,1
2024-12-01,5,3,182.0,2362
2024-12-01,5,4,50.3,1
2024-12-01,5,5,355.0,2065
2024-12-01,5,6,574694.0,2163
2025-01-01,5,1,4546.0,1
2025-01-01,5,2,4.0,1
2025-01-01,5,7,10.0,1
2025-01-01,5,3,170.0,2364
2025-01-01,5,4,46.6,1
2025-01-01,5,5,344.0,2066
2025-01-01,5,6,579737.0,2165
2025-02-01,5,1,4545.0,1
2025-02-01,5,2,1.0,1
2025-02-01,5,7,6.0,1
2025-02-01,5,3,183.0,2363
2025-02-01,5,4,48.8,1
2025-02-01,5,5,363.0,2066
2025-02-01,5,6,575363.0,2164
2025-03-01,5,1,4528.0,1
2025-03-01,5,2,1.0,1
2025-03-01,5,7,7.0,1
2025-03-01,5,3,174.0,2355
2025-03-01,5,4,46.5,1
2025-03-01,5,5,357.0,2058
2025-03-01,5,6,534090.0,2156
2025-04-01,5,1,4509.0,1
2025-04-01,5,2,0.0,1
2025-04-01,5,7,7.0,1
2025-04-01,5,3,177.0,2345
2025-04-01,5,4,46.9,1
2025-04-01,5,5,369.0,2050
2025-04-01,5,6,470004.0,2147
2025-05-01,5,1,4488.0,1
2025-05-01,5,2,0.0,1
2025-05-01,5,7,7.0,1
2025-05-01,5,3,181.0,2334
2025-05-01,5,4,45.8,1
2025-05-01,5,5,367.0,2040
2025-05-01,5,6,416762.0,2137
2025-06-01,5,1,4468.0,1
2025-06-01,5,2,0.0,1
2025-06-01,5,7,5.0,1
2025-06-01,5,3,171.0,2323
2025-06-01,5,4,44.1,1
2025-06-01,5,5,369.0,2031
2025-06-01,5,6,358307.0,2128
2025-07-01,5,1,4449.0,1
2025-07-01,5,2,0.0,1
2025-07-01,5,7,6.0,1
2025-07-01,5,3,173.0,2313
2025-07-01,5,4,43.6,1
2025-07-01,5,5,369.0,2022
2025-07-01,5,6,362559.0,2119
2025-08-01,5,1,4431.0,1
2025-08-01,5,2,1.0,1
2025-08-01,5,7,4.0,1
2025-08-01,5,3,173.0,2304
2025-08-01,5,4,44.8,1
2025-08-01,5,5,372.0,2014
2025-08-01,5,6,369464.0,2110
2025-09-01,5,1,4410.0,1
2025-09-01,5,2,1.0,1
2025-09-01,5,7,8.0,1
2025-09-01,5,3,159.0,2293
2025-09-01,5,4,46.5,1
2025-09-01,5,5,374.0,2005
2025-09-01,5,6,414761.0,2100
2025-10-01,5,1,4390.0,1
2025-10-01,5,2,0.0,1
2025-10-01,5,7,5.0,1
2025-10-01,5,3,182.0,2283
2025-10-01,5,4,49.0,1
2025-10-01,5,5,368.0,1995
2025-10-01,5,6,457941.0,2090
2025-11-01,5,1,4370.0,1
2025-11-01,5,2,1.0,1
2025-11-01,5,7,4.0,1
2025-11-01,5,3,176.0,2272
2025-11-01,5,4,48.3,1
2025-11-01,5,5,376.0,1986
2025-11-01,5,6,498562.0,2081
2025-12-01,5,1,4353.0,1
2025-12-01,5,2,1.0,1
2025-12-01,5,7,4.0,1
2025-12-01,5,3,174.0,2264
2025-12-01,5,4,51.7,1
2025-12-01,5,5,376.0,1979
2025-12-01,5,6,540969.0,2073
2026-01-01,5,1,4336.0,1
2026-01-01,5,2,1.0,1
2026-01-01,5,7,6.0,1
2026-01-01,5,3,170.0,2255
2026-01-01,5,4,51.0,1
2026-01-01,5,5,377.0,1971
2026-01-01,5,6,538091.0,2065
2026-02-01,5,1,4319.0,1
2026-02-01,5,2,0.0,1
2026-02-01,5,7,7.0,1
2026-02-01,5,3,176.0,2246
2026-02-01,5,4,50.6,1
2026-02-01,5,5,382.0,1963
2026-02-01,5,6,524475.0,2057
2026-03-01,5,1,4298.0,1
2026-03-01,5,2,1.0,1
2026-03-01,5,7,3.0,1
2026-03-01,5,3,171.0,2235
2026-03-01,5,4,50.0,1
2026-03-01,5,5,390.0,1954
2026-03-01,5,6,500221.0,2047
2026-04-01,5,1,4281.0,1
2026-04-01,5,2,1.0,1
2026-04-01,5,7,5.0,1
2026-04-01,5,3,175.0,2226
2026-04-01,5,4,49.7,1
2026-04-01,5,5,389.0,1946
2026-04-01,5,6,448565.0,2039
2026-05-01,5,1,4263.0,1
2026-05-01,5,2,0.0,1
2026-05-01,5,7,5.0,1
2026-05-01,5,3,171.0,2217
2026-05-01,5,4,48.4,1
2026-05-01,5,5,392.0,1938
2026-05-01,5,6,390922.0,2030
2026-06-01,5,1,4247.0,1
2026-06-01,5,2,1.0,1
2026-06-01,5,7,5.0,1
2026-06-01,5,3,167.0,2208
2026-06-01,5,4,48.2,1
2026-06-01,5,5,388.0,1930
2026-06-01,5,6,356412.0,2022
2026-07-01,5,1,4231.0,1
2026-07-01,5,2,0.0,1
2026-07-01,5,7,3.0,1
2026-07-01,5,3,173.0,2200
2026-07-01,5,4,46.2,1
2026-07-01,5,5,392.0,1923
2026-07-01,5,6,329313.0,2015
2026-08-01,5,1,4213.0,1
2026-08-01,5,2,1.0,1
2026-08-01,5,7,6.0,1
2026-08-01,5,3,174.0,2191
2026-08-01,5,4,47.7,1
2026-08-01,5,5,400.0,1915
2026-08-01,5,6,345718.0,2006
2026-09-01,5,1,4192.0,1
2026-09-01,5,2,0.0,1
2026-09-01,5,7,4.0,1
2026-09-01,5,3,165.0,2180
2026-09-01,5,4,45.3,1
2026-09-01,5,5,401.0,1905
2026-09-01,5,6,370680.0,1996
2024-01-01,6,1,4808.0,1
2024-01-01,6,2,4.0,1
2024-01-01,6,7,12.0,1
2024-01-01,6,3,175.0,2500
2024-01-01,6,4,25.5,1
2024-01-01,6,5,322.0,2185
2024-01-01,6,6,636910.0,2290
2024-02-01,6,1,4816.0,1
2024-02-01,6,2,4.0,1
2024-02-01,6,7,18.0,1
2024-02-01,6,3,190.0,2504
2024-02-01,6,4,25.3,1
2024-02-01,6,5,336.0,2189
2024-02-01,6,6,632322.0,2293
2024-03-01,6,1,4823.0,1
2024-03-01,6,2,3.0,1
2024-03-01,6,7,15.0,1
2024-03-01,6,3,179.0,2508
2024-03-01,6,4,24.0,1
2024-03-01,6,5,335.0,2192
2024-03-01,6,6,578550.0,2297
2024-04-01,6,1,4829.0,1
2024-04-01,6,2,1.0,1
2024-04-01,6,7,15.0,1
2024-04-01,6,3,185.0,2511
2024-04-01,6,4,24.7,1
2024-04-01,6,5,340.0,2195
2024-04-01,6,6,530540.0,2300
2024-05-01,6,1,4835.0,1
2024-05-01,6,2,1.0,1
2024-05-01,6,7,15.0,1
2024-05-01,6,3,177.0,2514
2024-05-01,6,4,23.1,1
2024-05-01,6,5,336.0,2198
2024-05-01,6,6,466807.0,2302
2024-06-01,6,1,4841.0,1
2024-06-01,6,2,2.0,1
2024-06-01,6,7,15.0,1
2024-06-01,6,3,188.0,2517
2024-06-01,6,4,22.6,1
2024-06-01,6,5,358.0,2200
2024-06-01,6,6,424089.0,2305
2024-07-01,6,1,4847.0,1
2024-07-01,6,2,2.0,1
2024-07-01,6,7,14.0,1
2024-07-01,6,3,186.0,2520
2024-07-01,6,4,22.5,1
2024-07-01,6,5,354.0,2203
2024-07-01,6,6,399896.0,2308
2024-08-01,6,1,4857.0,1
2024-08-01,6,2,0.0,1
2024-08-01,6,7,15.0,1
2024-08-01,6,3,189.0,2526
2024-08-01,6,4,23.1,1
2024-08-01,6,5,363.0,2208
2024-08-01,6,6,405401.0,2313
2024-09-01,6,1,4865.0,1
2024-09-01,6,2,1.0,1
2024-09-01,6,7,16.0,1
2024-09-01,6,3,188.0,2530
2024-09-01,6,4,23.4,1
2024-09-01,6,5,372.0,2211
2024-09-01,6,6,461895.0,2317
2024-10-01,6,1,4871.0,1
2024-10-01,6,2,1.0,1
2024-10-01,6,7,15.0,1
2024-10-01,6,3,167.0,2533
2024-10-01,6,4,23.9,1
2024-10-01,6,5,360.0,2214
2024-10-01,6,6,517295.0,2320
2024-11-01,6,1,4880.0,1
2024-11-01,6,2,2.0,1
2024-11-01,6,7,16.0,1
2024-11-01,6,3,186.0,2538
2024-11-01,6,4,24.3,1
2024-11-01,6,5,372.0,2218
2024-11-01,6,6,591655.0,2324
2024-12-01,6,1,4889.0,1
2024-12-01,6,2,5.0,1
2024-12-01,6,7,17.0,1
2024-12-01,6,3,186.0,2542
2024-12-01,6,4,24.8,1
2024-12-01,6,5,388.0,2222
2024-12-01,6,6,608400.0,2328
2025-01-01,6,1,4897.0,1
2025-01-01,6,2,6.0,1
2025-01-01,6,7,15.0,1
2025-01-01,6,3,192.0,2546
2025-01-01,6,4,25.1,1
2025-01-01,6,5,377.0,2226
2025-01-01,6,6,638459.0,2332
2025-02-01,6,1,4905.0,1
2025-02-01,6,2,4.0,1
2025-02-01,6,7,13.0,1
2025-02-01,6,3,198.0,2551
2025-02-01,6,4,25.0,1
2025-02-01,6,5,397.0,2230
2025-02-01,6,6,621765.0,2336
2025-03-01,6,1,4912.0,1
2025-03-01,6,2,1.0,1
2025-03-01,6,7,16.0,1
2025-03-01,6,3,191.0,2554
2025-03-01,6,4,24.2,1
2025-03-01,6,5,401.0,2233
2025-03-01,6,6,578588.0,2339
2025-04-01,6,1,4921.0,1
2025-04-01,6,2,2.0,1
2025-04-01,6,7,14.0,1
2025-04-01,6,3,200.0,2559
2025-04-01,6,4,25.2,1
2025-04-01,6,5,398.0,2237
2025-04-01,6,6,510415.0,2343
2025-05-01,6,1,4929.0,1
2025-05-01,6,2,2.0,1
2025-05-01,6,7,15.0,1
2025-05-01,6,3,183.0,2563
2025-05-01,6,4,22.3,1
2025-05-01,6,5,397.0,2240
2025-05-01,6,6,453170.0,2347
2025-06-01,6,1,4937.0,1
2025-06-01,6,2,2.0,1
2025-06-01,6,7,15.0,1
2025-06-01,6,3,193.0,2567
2025-06-01,6,4,22.0,1
2025-06-01,6,5,409.0,2244
2025-06-01,6,6,426677.0,2351
2025-07-01,6,1,4945.0,1
2025-07-01,6,2,3.0,1
2025-07-01,6,7,15.0,1
2025-07-01,6,3,205.0,2571
2025-07-01,6,4,21.3,1
2025-07-01,6,5,416.0,2248
2025-07-01,6,6,413728.0,2355
2025-08-01,6,1,4952.0,1
2025-08-01,6,2,2.0,1
2025-08-01,6,7,14.0,1
2025-08-01,6,3,200.0,2575
2025-08-01,6,4,22.6,1
2025-08-01,6,5,409.0,2251
2025-08-01,6,6,404505.0,2358
2025-09-01,6,1,4963.0,1
2025-09-01,6,2,2.0,1
2025-09-01,6,7,14.0,1
2025-09-01,6,3,197.0,2581
2025-09-01,6,4,23.0,1
2025-09-01,6,5,419.0,2256
2025-09-01,6,6,470651.0,2363
2025-10-01,6,1,4971.0,1
2025-10-01,6,2,0.0,1
2025-10-01,6,7,12.0,1
2025-10-01,6,3,199.0,2585
2025-10-01,6,4,23.1,1
2025-10-01,6,5,423.0,2260
2025-10-01,6,6,533076.0,2367
2025-11-01,6,1,4977.0,1
2025-11-01,6,2,4.0,1
2025-11-01,6,7,14.0,1
2025-11-01,6,3,185.0,2588
2025-11-01,6,4,23.9,1
2025-11-01,6,5,432.0,2262
2025-11-01,6,6,588965.0,2370
2025-12-01,6,1,4987.0,1
2025-12-01,6,2,0.0,1
2025-12-01,6,7,13.0,1
2025-12-01,6,3,186.0,2593
2025-12-01,6,4,24.1,1
2025-12-01,6,5,437.0,2267
2025-12-01,6,6,620772.0,2375
2026-01-01,6,1,4997.0,1
2026-01-01,6,2,4.0,1
2026-01-01,6,7,14.0,1
2026-01-01,6,3,193.0,2598
2026-01-01,6,4,24.8,1
2026-01-01,6,5,442.0,2271
2026-01-01,6,6,628659.0,2380
2026-02-01,6,1,5004.0,1
2026-02-01,6,2,2.0,1
2026-02-01,6,7,11.0,1
2026-02-01,6,3,202.0,2602
2026-02-01,6,4,24.3,1
2026-02-01,6,5,446.0,2275
2026-02-01,6,6,611807.0,2383
2026-03-01,6,1,5012.0,1
2026-03-01,6,2,3.0,1
2026-03-01,6,7,13.0,1
2026-03-01,6,3,195.0,2606
2026-03-01,6,4,22.5,1
2026-03-01,6,5,438.0,2278
2026-03-01,6,6,581283.0,2387
2026-04-01,6,1,5019.0,1
2026-04-01,6,2,1.0,1
2026-04-01,6,7,12.0,1
2026-04-01,6,3,190.0,2610
2026-04-01,6,4,22.9,1
2026-04-01,6,5,442.0,2281
2026-04-01,6,6,503936.0,2390
2026-05-01,6,1,5027.0,1
2026-05-01,6,2,1.0,1
2026-05-01,6,7,11.0,1
2026-05-01,6,3,196.0,2614
2026-05-01,6,4,22.3,1
2026-05-01,6,5,461.0,2285
2026-05-01,6,6,469716.0,2394
2026-06-01,6,1,5034.0,1
2026-06-01,6,2,0.0,1
2026-06-01,6,7,12.0,1
2026-06-01,6,3,201.0,2618
2026-06-01,6,4,22.1,1
2026-06-01,6,5,454.0,2288
2026-06-01,6,6,423142.0,2397
2026-07-01,6,1,5041.0,1
2026-07-01,6,2,1.0,1
2026-07-01,6,7,13.0,1
2026-07-01,6,3,217.0,2621
2026-07-01,6,4,21.1,1
2026-07-01,6,5,467.0,2291
2026-07-01,6,6,396381.0,2400
2026-08-01,6,1,5050.0,1
2026-08-01,6,2,1.0,1
2026-08-01,6,7,10.0,1
2026-08-01,6,3,205.0,2626
2026-08-01,6,4,22.0,1
2026-08-01,6,5,490.0,2295
2026-08-01,6,6,414255.0,2405
2026-09-01,6,1,5059.0,1
2026-09-01,6,2,1.0,1
2026-09-01,6,7,12.0,1
2026-09-01,6,3,215.0,2631
2026-09-01,6,4,21.4,1
2026-09-01,6,5,487.0,2300
2026-09-01,6,6,464588.0,2409
2024-01-01,7,1,5100.0,1
2024-01-01,7,2,0.0,1
2024-01-01,7,7,10.0,1
2024-01-01,7,3,193.0,2652
2024-01-01,7,4,29.6,1
2024-01-01,7,5,339.0,2318
2024-01-01,7,6,690830.0,2429
2024-02-01,7,1,5103.0,1
2024-02-01,7,2,0.0,1
2024-02-01,7,7,8.0,1
2024-02-01,7,3,182.0,2654
2024-02-01,7,4,30.2,1
2024-02-01,7,5,360.0,2320
2024-02-01,7,6,671691.0,2430
2024-03-01,7,1,5103.0,1
2024-03-01,7,2,0.0,1
2024-03-01,7,7,8.0,1
2024-03-01,7,3,182.0,2654
2024-03-01,7,4,29.7,1
2024-03-01,7,5,354.0,2320
2024-03-01,7,6,627651.0,2430
2024-04-01,7,1,5105.0,1
2024-04-01,7,2,2.0,1
2024-04-01,7,7,6.0,1
2024-04-01,7,3,208.0,2655
2024-04-01,7,4,26.9,1
2024-04-01,7,5,354.0,2320
2024-04-01,7,6,557336.0,2431
2024-05-01,7,1,5111.0,1
2024-05-01,7,2,3.0,1
2024-05-01,7,7,9.0,1
2024-05-01,7,3,194.0,2658
2024-05-01,7,4,27.2,1
2024-05-01,7,5,358.0,2323
2024-05-01,7,6,499206.0,2434
2024-06-01,7,1,5111.0,1
2024-06-01,7,2,1.0,1
2024-06-01,7,7,6.0,1
2024-06-01,7,3,192.0,2658
2024-06-01,7,4,27.5,1
2024-06-01,7,5,373.0,2323
2024-06-01,7,6,450203.0,2434
2024-07-01,7,1,5116.0,1
2024-07-01,7,2,2.0,1
2024-07-01,7,7,5.0,1
2024-07-01,7,3,191.0,2660
2024-07-01,7,4,27.0,1
2024-07-01,7,5,379.0,2325
2024-07-01,7,6,432972.0,2436
2024-08-01,7,1,5122.0,1
2024-08-01,7,2,1.0,1
2024-08-01,7,7,6.0,1
2024-08-01,7,3,198.0,2663
2024-08-01,7,4,26.8,1
2024-08-01,7,5,376.0,2328
2024-08-01,7,6,438359.0,2439
2024-09-01,7,1,5124.0,1
2024-09-01,7,2,1.0,1
2024-09-01,7,7,8.0,1
2024-09-01,7,3,194.0,2664
2024-09-01,7,4,26.8,1
2024-09-01,7,5,374.0,2329
2024-09-01,7,6,498820.0,2440
2024-10-01,7,1,5128.0,1
2024-10-01,7,2,2.0,1
2024-10-01,7,7,7.0,1
2024-10-01,7,3,200.0,2667
2024-10-01,7,4,28.9,1
2024-10-01,7,5,391.0,2331
2024-10-01,7,6,546649.0,2442
2024-11-01,7,1,5129.0,1
2024-11-01,7,2,0.0,1
2024-11-01,7,7,7.0,1
2024-11-01,7,3,194.0,2667
2024-11-01,7,4,28.5,1
2024-11-01,7,5,404.0,2331
2024-11-01,7,6,611434.0,2442
2024-12-01,7,1,5132.0,1
2024-12-01,7,2,1.0,1
2024-12-01,7,7,6.0,1
2024-12-01,7,3,193.0,2669
2024-12-01,7,4,29.6,1
2024-12-01,7,5,390.0,2333
2024-12-01,7,6,662015.0,2444
2025-01-01,7,1,5135.0,1
2025-01-01,7,2,2.0,1
2025-01-01,7,7,4.0,1
2025-01-01,7,3,200.0,2670
2025-01-01,7,4,29.2,1
2025-01-01,7,5,402.0,2334
2025-01-01,7,6,667751.0,2445
2025-02-01,7,1,5140.0,1
2025-02-01,7,2,1.0,1
2025-02-01,7,7,7.0,1
2025-02-01,7,3,200.0,2673
2025-02-01,7,4,29.8,1
2025-02-01,7,5,396.0,2336
2025-02-01,7,6,648616.0,2448
2025-03-01,7,1,5143.0,1
2025-03-01,7,2,2.0,1
2025-03-01,7,7,6.0,1
2025-03-01,7,3,216.0,2674
2025-03-01,7,4,29.5,1
2025-03-01,7,5,400.0,2338
2025-03-01,7,6,599803.0,2449
2025-04-01,7,1,5146.0,1
2025-04-01,7,2,1.0,1
2025-04-01,7,7,7.0,1
2025-04-01,7,3,207.0,2676
2025-04-01,7,4,27.7,1
2025-04-01,7,5,399.0,2339
2025-04-01,7,6,535768.0,2450
2025-05-01,7,1,5150.0,1
2025-05-01,7,2,1.0,1
2025-05-01,7,7,6.0,1
2025-05-01,7,3,201.0,2678
2025-05-01,7,4,28.1,1
2025-05-01,7,5,429.0,2341
2025-05-01,7,6,498242.0,2452
2025-06-01,7,1,5154.0,1
2025-06-01,7,2,0.0,1
2025-06-01,7,7,5.0,1
2025-06-01,7,3,200.0,2680
2025-06-01,7,4,26.2,1
2025-06-01,7,5,430.0,2343
2025-06-01,7,6,435294.0,2454
2025-07-01,7,1,5155.0,1
2025-07-01,7,2,1.0,1
2025-07-01,7,7,6.0,1
2025-07-01,7,3,212.0,2681
2025-07-01,7,4,26.8,1
2025-07-01,7,5,430.0,2343
2025-07-01,7,6,436333.0,2455
2025-08-01,7,1,5155.0,1
2025-08-01,7,2,1.0,1
2025-08-01,7,7,5.0,1
2025-08-01,7,3,209.0,2681
2025-08-01,7,4,26.2,1
2025-08-01,7,5,434.0,2343
2025-08-01,7,6,426033.0,2455
2025-09-01,7,1,5156.0,1
2025-09-01,7,2,0.0,1
2025-09-01,7,7,7.0,1
2025-09-01,7,3,211.0,2681
2025-09-01,7,4,28.3,1
2025-09-01,7,5,432.0,2344
2025-09-01,7,6,492337.0,2455
2025-10-01,7,1,5156.0,1
2025-10-01,7,2,2.0,1
2025-10-01,7,7,3.0,1
2025-10-01,7,3,199.0,2681
2025-10-01,7,4,28.3,1
2025-10-01,7,5,434.0,2344
2025-10-01,7,6,532786.0,2455
2025-11-01,7,1,5161.0,1
2025-11-01,7,2,1.0,1
2025-11-01,7,7,4.0,1
2025-11-01,7,3,218.0,2684
2025-11-01,7,4,27.4,1
2025-11-01,7,5,456.0,2346
2025-11-01,7,6,587493.0,2458
2025-12-01,7,1,5164.0,1
2025-12-01,7,2,2.0,1
2025-12-01,7,7,7.0,1
2025-12-01,7,3,202.0,2685
2025-12-01,7,4,29.2,1
2025-12-01,7,5,455.0,2347
2025-12-01,7,6,637329.0,2459
2026-01-01,7,1,5167.0,1
2026-01-01,7,2,1.0,1
2026-01-01,7,7,8.0,1
2026-01-01,7,3,199.0,2687
2026-01-01,7,4,28.4,1
2026-01-01,7,5,451.0,2349
2026-01-01,7,6,647594.0,2460
2026-02-01,7,1,5172.0,1
2026-02-01,7,2,0.0,1
2026-02-01,7,7,5.0,1
2026-02-01,7,3,198.0,2689
2026-02-01,7,4,28.8,1
2026-02-01,7,5,459.0,2351
2026-02-01,7,6,651753.0,2463
2026-03-01,7,1,5178.0,1
2026-03-01,7,2,2.0,1
2026-03-01,7,7,4.0,1
2026-03-01,7,3,207.0,2693
2026-03-01,7,4,28.4,1
2026-03-01,7,5,483.0,2354
2026-03-01,7,6,589842.0,2466
2026-04-01,7,1,5181.0,1
2026-04-01,7,2,1.0,1
2026-04-01,7,7,4.0,1
2026-04-01,7,3,197.0,2694
2026-04-01,7,4,27.7,1
2026-04-01,7,5,481.0,2355
2026-04-01,7,6,522075.0,2467
2026-05-01,7,1,5186.0,1
2026-05-01,7,2,3.0,1
2026-05-01,7,7,5.0,1
2026-05-01,7,3,206.0,2697
2026-05-01,7,4,26.4,1
2026-05-01,7,5,474.0,2357
2026-05-01,7,6,474064.0,2470
2026-06-01,7,1,5186.0,1
2026-06-01,7,2,1.0,1
2026-06-01,7,7,5.0,1
2026-06-01,7,3,194.0,2697
2026-06-01,7,4,25.3,1
2026-06-01,7,5,488.0,2357
2026-06-01,7,6,436207.0,2470
2026-07-01,7,1,5192.0,1
2026-07-01,7,2,1.0,1
2026-07-01,7,7,4.0,1
2026-07-01,7,3,198.0,2700
2026-07-01,7,4,26.4,1
2026-07-01,7,5,480.0,2360
2026-07-01,7,6,402977.0,2472
2026-08-01,7,1,5194.0,1
2026-08-01,7,2,1.0,1
2026-08-01,7,7,4.0,1
2026-08-01,7,3,208.0,2701
2026-08-01,7,4,24.5,1
2026-08-01,7,5,494.0,2361
2026-08-01,7,6,427993.0,2473
2026-09-01,7,1,5200.0,1
2026-09-01,7,2,0.0,1
2026-09-01,7,7,4.0,1
2026-09-01,7,3,205.0,2704
2026-09-01,7,4,24.7,1
2026-09-01,7,5,496.0,2364
2026-09-01,7,6,461761.0,2476
2024-01-01,8,1,3702.0,1
2024-01-01,8,2,1.0,1
2024-01-01,8,7,7.0,1
2024-01-01,8,3,135.0,1925
2024-01-01,8,4,21.7,1
2024-01-01,8,5,248.0,1683
2024-01-01,8,6,491492.0,1763
2024-02-01,8,1,3707.0,1
2024-02-01,8,2,1.0,1
2024-02-01,8,7,7.0,1
2024-02-01,8,3,139.0,1928
2024-02-01,8,4,22.1,1
2024-02-01,8,5,259.0,1685
2024-02-01,8,6,476566.0,1765
2024-03-01,8,1,3710.0,1
2024-03-01,8,2,0.0,1
2024-03-01,8,7,6.0,1
2024-03-01,8,3,139.0,1929
2024-03-01,8,4,21.1,1
2024-03-01,8,5,256.0,1686
2024-03-01,8,6,450446.0,1767
2024-04-01,8,1,3711.0,1
2024-04-01,8,2,1.0,1
2024-04-01,8,7,9.0,1
2024-04-01,8,3,139.0,1930
2024-04-01,8,4,21.1,1
2024-04-01,8,5,265.0,1687
2024-04-01,8,6,399049.0,1767
2024-05-01,8,1,3716.0,1
2024-05-01,8,2,0.0,1
2024-05-01,8,7,7.0,1
2024-05-01,8,3,146.0,1932
2024-05-01,8,4,21.7,1
2024-05-01,8,5,263.0,1689
2024-05-01,8,6,363311.0,1770
2024-06-01,8,1,3716.0,1
2024-06-01,8,2,1.0,1
2024-06-01,8,7,7.0,1
2024-06-01,8,3,138.0,1932
2024-06-01,8,4,20.4,1
2024-06-01,8,5,269.0,1689
2024-06-01,8,6,323433.0,1770
2024-07-01,8,1,3720.0,1
2024-07-01,8,2,1.0,1
2024-07-01,8,7,7.0,1
2024-07-01,8,3,138.0,1934
2024-07-01,8,4,20.3,1
2024-07-01,8,5,270.0,1691
2024-07-01,8,6,321399.0,1771
2024-08-01,8,1,3723.0,1
2024-08-01,8,2,1.0,1
2024-08-01,8,7,10.0,1
2024-08-01,8,3,144.0,1936
2024-08-01,8,4,19.7,1
2024-08-01,8,5,273.0,1692
2024-08-01,8,6,328241.0,1773
2024-09-01,8,1,3725.0,1
2024-09-01,8,2,0.0,1
2024-09-01,8,7,6.0,1
2024-09-01,8,3,143.0,1937
2024-09-01,8,4,20.2,1
2024-09-01,8,5,283.0,1693
2024-09-01,8,6,355591.0,1774
2024-10-01,8,1,3730.0,1
2024-10-01,8,2,1.0,1
2024-10-01,8,7,6.0,1
2024-10-01,8,3,143.0,1940
2024-10-01,8,4,21.4,1
2024-10-01,8,5,279.0,1695
2024-10-01,8,6,398064.0,1776
2024-11-01,8,1,3731.0,1
2024-11-01,8,2,0.0,1
2024-11-01,8,7,5.0,1
2024-11-01,8,3,154.0,1940
2024-11-01,8,4,20.7,1
2024-11-01,8,5,278.0,1696
2024-11-01,8,6,445287.0,1777
2024-12-01,8,1,3732.0,1
2024-12-01,8,2,1.0,1
2024-12-01,8,7,6.0,1
2024-12-01,8,3,142.0,1941
2024-12-01,8,4,21.1,1
2024-12-01,8,5,289.0,1696
2024-12-01,8,6,470403.0,1777
2025-01-01,8,1,3734.0,1
2025-01-01,8,2,0.0,1
2025-01-01,8,7,7.0,1
2025-01-01,8,3,136.0,1942
2025-01-01,8,4,21.3,1
2025-01-01,8,5,291.0,1697
2025-01-01,8,6,489328.0,1778
2025-02-01,8,1,3738.0,1
2025-02-01,8,2,0.0,1
2025-02-01,8,7,6.0,1
2025-02-01,8,3,145.0,1944
2025-02-01,8,4,21.3,1
2025-02-01,8,5,296.0,1699
2025-02-01,8,6,480238.0,1780
2025-03-01,8,1,3738.0,1
2025-03-01,8,2,0.0,1
2025-03-01,8,7,8.0,1
2025-03-01,8,3,147.0,1944
2025-03-01,8,4,21.6,1
2025-03-01,8,5,297.0,1699
2025-03-01,8,6,444474.0,1780
2025-04-01,8,1,3743.0,1
2025-04-01,8,2,0.0,1
2025-04-01,8,7,7.0,1
2025-04-01,8,3,150.0,1946
2025-04-01,8,4,20.5,1
2025-04-01,8,5,311.0,1701
2025-04-01,8,6,389182.0,1782
2025-05-01,8,1,3745.0,1
2025-05-01,8,2,3.0,1
2025-05-01,8,7,4.0,1
2025-05-01,8,3,148.0,1947
2025-05-01,8,4,20.0,1
2025-05-01,8,5,310.0,1702
2025-05-01,8,6,345938.0,1783
2025-06-01,8,1,3746.0,1
2025-06-01,8,2,1.0,1
2025-06-01,8,7,6.0,1
2025-06-01,8,3,141.0,1948
2025-06-01,8,4,19.1,1
2025-06-01,8,5,312.0,1703
2025-06-01,8,6,307926.0,1784
2025-07-01,8,1,3748.0,1
2025-07-01,8,2,1.0,1
2025-07-01,8,7,6.0,1
2025-07-01,8,3,143.0,1949
2025-07-01,8,4,19.1,1
2025-07-01,8,5,308.0,1704
2025-07-01,8,6,301408.0,1785
2025-08-01,8,1,3748.0,1
2025-08-01,8,2,1.0,1
2025-08-01,8,7,5.0,1
2025-08-01,8,3,142.0,1949
2025-08-01,8,4,19.5,1
2025-08-01,8,5,312.0,1704
2025-08-01,8,6,316883.0,1785
2025-09-01,8,1,3751.0,1
2025-09-01,8,2,1.0,1
2025-09-01,8,7,6.0,1
2025-09-01,8,3,146.0,1951
2025-09-01,8,4,20.2,1
2025-09-01,8,5,320.0,1705
2025-09-01,8,6,339205.0,1786
2025-10-01,8,1,3750.0,1
2025-10-01,8,2,1.0,1
2025-10-01,8,7,5.0,1
2025-10-01,8,3,149.0,1950
2025-10-01,8,4,20.0,1
2025-10-01,8,5,326.0,1705
2025-10-01,8,6,395541.0,1786
2025-11-01,8,1,3753.0,1
2025-11-01,8,2,1.0,1
2025-11-01,8,7,3.0,1
2025-11-01,8,3,143.0,1952
2025-11-01,8,4,20.8,1
2025-11-01,8,5,326.0,1706
2025-11-01,8,6,425672.0,1787
2025-12-01,8,1,3755.0,1
2025-12-01,8,2,1.0,1
2025-12-01,8,7,4.0,1
2025-12-01,8,3,151.0,1953
2025-12-01,8,4,21.2,1
2025-12-01,8,5,334.0,1707
2025-12-01,8,6,466616.0,1788
2026-01-01,8,1,3758.0,1
2026-01-01,8,2,0.0,1
2026-01-01,8,7,4.0,1
2026-01-01,8,3,185.0,1954
2026-01-01,8,4,20.3,1
2026-01-01,8,5,344.0,1708
2026-01-01,8,6,462700.0,1790
2026-02-01,8,1,3760.0,1
2026-02-01,8,2,1.0,1
2026-02-01,8,7,6.0,1
2026-02-01,8,3,188.0,1955
2026-02-01,8,4,20.9,1
2026-02-01,8,5,337.0,1709
2026-02-01,8,6,457821.0,1790
2026-03-01,8,1,3763.0,1
2026-03-01,8,2,0.0,1
2026-03-01,8,7,3.0,1
2026-03-01,8,3,211.0,1957
2026-03-01,8,4,19.7,1
2026-03-01,8,5,339.0,1710
2026-03-01,8,6,429071.0,1792
2026-04-01,8,1,3766.0,1
2026-04-01,8,2,0.0,1
2026-04-01,8,7,4.0,1
2026-04-01,8,3,207.0,1958
2026-04-01,8,4,20.3,1
2026-04-01,8,5,348.0,1712
2026-04-01,8,6,375947.0,1793
2026-05-01,8,1,3767.0,1
2026-05-01,8,2,1.0,1
2026-05-01,8,7,3.0,1
2026-05-01,8,3,216.0,1959
2026-05-01,8,4,19.7,1
2026-05-01,8,5,351.0,1712
2026-05-01,8,6,334513.0,1794
2026-06-01,8,1,3769.0,1
2026-06-01,8,2,0.0,1
2026-06-01,8,7,5.0,1
2026-06-01,8,3,224.0,1960
2026-06-01,8,4,18.3,1
2026-06-01,8,5,350.0,1713
2026-06-01,8,6,312906.0,1795
2026-07-01,8,1,3769.0,1
2026-07-01,8,2,0.0,1
2026-07-01,8,7,3.0,1
2026-07-01,8,3,225.0,1960
2026-07-01,8,4,18.9,1
2026-07-01,8,5,349.0,1713
2026-07-01,8,6,291207.0,1795
2026-08-01,8,1,3772.0,1
2026-08-01,8,2,2.0,1
2026-08-01,8,7,4.0,1
2026-08-01,8,3,242.0,1961
2026-08-01,8,4,17.8,1
2026-08-01,8,5,356.0,1715
2026-08-01,8,6,307568.0,1796
2026-09-01,8,1,3774.0,1
2026-09-01,8,2,1.0,1
2026-09-01,8,7,4.0,1
2026-09-01,8,3,252.0,1962
2026-09-01,8,4,17.4,1
2026-09-01,8,5,359.0,1715
2026-09-01,8,6,323535.0,1797
