Datum,Branche_ID,Vacatures
2024-01-01,1,410
2024-01-01,2,630
2024-01-01,3,360
2024-01-01,4,309
2024-01-01,5,215
2024-02-01,1,422
2024-02-01,2,610
2024-02-01,3,372
2024-02-01,4,303
2024-02-01,5,215
2024-03-01,1,416
2024-03-01,2,608
2024-03-01,3,381
2024-03-01,4,293
2024-03-01,5,223
2024-04-01,1,402
2024-04-01,2,631
2024-04-01,3,374
2024-04-01,4,293
2024-04-01,5,227
2024-05-01,1,399
2024-05-01,2,649
2024-05-01,3,361
2024-05-01,4,304
2024-05-01,5,269
2024-06-01,1,413
2024-06-01,2,638
2024-06-01,3,362
2024-06-01,4,309
2024-06-01,5,261
2024-07-01,1,422
2024-07-01,2,619
2024-07-01,3,375
2024-07-01,4,301
2024-07-01,5,264
2024-08-01,1,414
2024-08-01,2,623
2024-08-01,3,381
2024-08-01,4,292
2024-08-01,5,273
2024-09-01,1,400
2024-09-01,2,648
2024-09-01,3,371
2024-09-01,4,295
2024-09-01,5,226
2024-10-01,1,401
2024-10-01,2,661
2024-10-01,3,360
2024-10-01,4,305
2024-10-01,5,219
2024-11-01,1,415
2024-11-01,2,647
2024-11-01,3,363
2024-11-01,4,308
2024-11-01,5,213
2024-12-01,1,422
2024-12-01,2,629
2024-12-01,3,377
2024-12-01,4,299
2024-12-01,5,217
2025-01-01,1,411
2025-01-01,2,638
2025-01-01,3,380
2025-01-01,4,291
2025-01-01,5,225
2025-02-01,1,399
2025-02-01,2,664
2025-02-01,3,369
2025-02-01,4,296
2025-02-01,5,225
2025-03-01,1,403
2025-03-01,2,673
2025-03-01,3,359
2025-03-01,4,307
2025-03-01,5,218
2025-04-01,1,417
2025-04-01,2,655
2025-04-01,3,365
2025-04-01,4,307
2025-04-01,5,213
2025-05-01,1,421
2025-05-01,2,640
2025-05-01,3,378
2025-05-01,4,297
2025-05-01,5,267
2025-06-01,1,409
2025-06-01,2,654
2025-06-01,3,379
2025-06-01,4,291
2025-06-01,5,276
2025-07-01,1,398
2025-07-01,2,680
2025-07-01,3,366
2025-07-01,4,298
2025-07-01,5,274
2025-08-01,1,405
2025-08-01,2,684
2025-08-01,3,359
2025-08-01,4,308
2025-08-01,5,264
2025-09-01,1,419
2025-09-01,2,663
2025-09-01,3,368
2025-09-01,4,306
2025-09-01,5,214
2025-10-01,1,413
2025-10-01,2,652
2025-10-01,3,380
2025-10-01,4,295
2025-10-01,5,220
2025-11-01,1,392
2025-11-01,2,670
2025-11-01,3,378
2025-11-01,4,291
2025-11-01,5,226
2025-12-01,1,377
2025-12-01,2,695
2025-12-01,3,364
2025-12-01,4,300
2025-12-01,5,223
2026-01-01,1,379
2026-01-01,2,694
2026-01-01,3,359
2026-01-01,4,309
2026-01-01,5,215
2026-02-01,1,384
2026-02-01,2,671
2026-02-01,3,370
2026-02-01,4,305
2026-02-01,5,214
2026-03-01,1,375
2026-03-01,2,665
2026-03-01,3,381
2026-03-01,4,294
2026-03-01,5,221
2026-04-01,1,355
2026-04-01,2,687
2026-04-01,3,376
2026-04-01,4,292
2026-04-01,5,227
2026-05-01,1,344
2026-05-01,2,709
2026-05-01,3,362
2026-05-01,4,302
2026-05-01,5,271
2026-06-01,1,348
2026-06-01,2,703
2026-06-01,3,360
2026-06-01,4,309
2026-06-01,5,262
2026-07-01,1,352
2026-07-01,2,680
2026-07-01,3,372
2026-07-01,4,303
2026-07-01,5,262
2026-08-01,1,341
2026-08-01,2,678
2026-08-01,3,381
2026-08-01,4,293
2026-08-01,5,272
2026-09-01,1,323
2026-09-01,2,704
2026-09-01,3,374
2026-09-01,4,293
2026-09-01,5,227
