Datum,Jaar,Wijk_ID,KPI_ID,Doel
2024-01-01,2024,1,1,5617
2024-01-01,2024,1,2,17
2024-01-01,2024,1,3,0.07
2024-01-01,2024,1,4,288
2024-01-01,2024,2,1,4714
2024-01-01,2024,2,2,34
2024-01-01,2024,2,3,0.07
2024-01-01,2024,2,4,240
2024-01-01,2024,3,1,5216
2024-01-01,2024,3,2,17
2024-01-01,2024,3,3,0.07
2024-01-01,2024,3,4,324
2024-01-01,2024,4,1,7322
2024-01-01,2024,4,2,13
2024-01-01,2024,4,3,0.07
2024-01-01,2024,4,4,456
2024-01-01,2024,5,1,4513
2024-01-01,2024,5,2,8
2024-01-01,2024,5,3,0.07
2024-01-01,2024,5,4,432
2024-01-01,2024,6,1,4814
2024-01-01,2024,6,2,26
2024-01-01,2024,6,3,0.07
2024-01-01,2024,6,4,312
2024-01-01,2024,7,1,5115
2024-01-01,2024,7,2,13
2024-01-01,2024,7,3,0.07
2024-01-01,2024,7,4,372
2024-01-01,2024,8,1,3711
2024-01-01,2024,8,2,8
2024-01-01,2024,8,3,0.07
2024-01-01,2024,8,4,276
2025-01-01,2025,1,1,5634
2025-01-01,2025,1,2,19
2025-01-01,2025,1,3,0.07
2025-01-01,2025,1,4,279
2025-01-01,2025,2,1,4728
2025-01-01,2025,2,2,38
2025-01-01,2025,2,3,0.07
2025-01-01,2025,2,4,233
2025-01-01,2025,3,1,5231
2025-01-01,2025,3,2,19
2025-01-01,2025,3,3,0.07
2025-01-01,2025,3,4,314
2025-01-01,2025,4,1,7344
2025-01-01,2025,4,2,14
2025-01-01,2025,4,3,0.07
2025-01-01,2025,4,4,442
2025-01-01,2025,5,1,4527
2025-01-01,2025,5,2,10
2025-01-01,2025,5,3,0.07
2025-01-01,2025,5,4,419
2025-01-01,2025,6,1,4829
2025-01-01,2025,6,2,28
2025-01-01,2025,6,3,0.07
2025-01-01,2025,6,4,303
2025-01-01,2025,7,1,5131
2025-01-01,2025,7,2,14
2025-01-01,2025,7,3,0.07
2025-01-01,2025,7,4,361
2025-01-01,2025,8,1,3722
2025-01-01,2025,8,2,10
2025-01-01,2025,8,3,0.07
2025-01-01,2025,8,4,268
2026-01-01,2026,1,1,5655
2026-01-01,2026,1,2,20
2026-01-01,2026,1,3,0.07
2026-01-01,2026,1,4,271
2026-01-01,2026,2,1,4746
2026-01-01,2026,2,2,40
2026-01-01,2026,2,3,0.07
2026-01-01,2026,2,4,226
2026-01-01,2026,3,1,5251
2026-01-01,2026,3,2,20
2026-01-01,2026,3,3,0.07
2026-01-01,2026,3,4,305
2026-01-01,2026,4,1,7372
2026-01-01,2026,4,2,15
2026-01-01,2026,4,3,0.07
2026-01-01,2026,4,4,429
2026-01-01,2026,5,1,4544
2026-01-01,2026,5,2,10
2026-01-01,2026,5,3,0.07
2026-01-01,2026,5,4,406
2026-01-01,2026,6,1,4847
2026-01-01,2026,6,2,30
2026-01-01,2026,6,3,0.07
2026-01-01,2026,6,4,293
2026-01-01,2026,7,1,5150
2026-01-01,2026,7,2,15
2026-01-01,2026,7,3,0.07
2026-01-01,2026,7,4,350
2026-01-01,2026,8,1,3736
2026-01-01,2026,8,2,10
2026-01-01,2026,8,3,0.07
2026-01-01,2026,8,4,259
