Datum,Wijk_ID,Sector_ID,Ton
2024-01-01,1,1,10.8
2024-01-01,1,2,6
2024-01-01,1,3,6.9
2024-02-01,1,1,9.8
2024-02-01,1,2,6.5
2024-02-01,1,3,6.5
2024-03-01,1,1,10.1
2024-03-01,1,2,6.6
2024-03-01,1,3,5.9
2024-04-01,1,1,9.7
2024-04-01,1,2,6.6
2024-04-01,1,3,5.1
2024-05-01,1,1,9
2024-05-01,1,2,6.8
2024-05-01,1,3,4.6
2024-06-01,1,1,10.1
2024-06-01,1,2,6.1
2024-06-01,1,3,3.9
2024-07-01,1,1,9.3
2024-07-01,1,2,6.3
2024-07-01,1,3,4.5
2024-08-01,1,1,9.6
2024-08-01,1,2,6.4
2024-08-01,1,3,4.4
2024-09-01,1,1,10
2024-09-01,1,2,6.4
2024-09-01,1,3,4.6
2024-10-01,1,1,10.6
2024-10-01,1,2,6.5
2024-10-01,1,3,5.1
2024-11-01,1,1,9.7
2024-11-01,1,2,6.6
2024-11-01,1,3,6.1
2024-12-01,1,1,9.7
2024-12-01,1,2,6.6
2024-12-01,1,3,6.5
2025-01-01,1,1,9.3
2025-01-01,1,2,6.5
2025-01-01,1,3,6.8
2025-02-01,1,1,9.7
2025-02-01,1,2,6.6
2025-02-01,1,3,6.5
2025-03-01,1,1,9.3
2025-03-01,1,2,6.5
2025-03-01,1,3,5.8
2025-04-01,1,1,9.9
2025-04-01,1,2,6.4
2025-04-01,1,3,5.7
2025-05-01,1,1,9
2025-05-01,1,2,6.5
2025-05-01,1,3,4.7
2025-06-01,1,1,9.5
2025-06-01,1,2,6.6
2025-06-01,1,3,4.2
2025-07-01,1,1,9.1
2025-07-01,1,2,6.4
2025-07-01,1,3,4.4
2025-08-01,1,1,9.4
2025-08-01,1,2,6
2025-08-01,1,3,4.3
2025-09-01,1,1,9.2
2025-09-01,1,2,6.7
2025-09-01,1,3,4.9
2025-10-01,1,1,9.8
2025-10-01,1,2,6.2
2025-10-01,1,3,5.3
2025-11-01,1,1,9.6
2025-11-01,1,2,6
2025-11-01,1,3,6.1
2025-12-01,1,1,9.9
2025-12-01,1,2,6.4
2025-12-01,1,3,6.1
2026-01-01,1,1,8.9
2026-01-01,1,2,6.6
2026-01-01,1,3,6.3
2026-02-01,1,1,9.1
2026-02-01,1,2,6.1
2026-02-01,1,3,6
2026-03-01,1,1,8.6
2026-03-01,1,2,6.3
2026-03-01,1,3,6.1
2026-04-01,1,1,9.5
2026-04-01,1,2,5.9
2026-04-01,1,3,5.2
2026-05-01,1,1,9.2
2026-05-01,1,2,6
2026-05-01,1,3,4.7
2026-06-01,1,1,9.4
2026-06-01,1,2,6
2026-06-01,1,3,3.6
2026-07-01,1,1,9.3
2026-07-01,1,2,6.3
2026-07-01,1,3,3.9
2026-08-01,1,1,9.3
2026-08-01,1,2,5.8
2026-08-01,1,3,4.2
2026-09-01,1,1,9
2026-09-01,1,2,5.5
2026-09-01,1,3,4.2
2024-01-01,2,1,7.9
2024-01-01,2,2,5.5
2024-01-01,2,3,5.8
2024-02-01,2,1,7.6
2024-02-01,2,2,5.5
2024-02-01,2,3,5.1
2024-03-01,2,1,8.2
2024-03-01,2,2,5.6
2024-03-01,2,3,5
2024-04-01,2,1,8.1
2024-04-01,2,2,5.5
2024-04-01,2,3,4
2024-05-01,2,1,8.1
2024-05-01,2,2,5.4
2024-05-01,2,3,3.8
2024-06-01,2,1,8.1
2024-06-01,2,2,5.4
2024-06-01,2,3,3.7
2024-07-01,2,1,7.8
2024-07-01,2,2,5.3
2024-07-01,2,3,3.2
2024-08-01,2,1,8
2024-08-01,2,2,5.3
2024-08-01,2,3,3.7
2024-09-01,2,1,8
2024-09-01,2,2,5.2
2024-09-01,2,3,3.8
2024-10-01,2,1,7.8
2024-10-01,2,2,5.4
2024-10-01,2,3,4.3
2024-11-01,2,1,8.6
2024-11-01,2,2,4.9
2024-11-01,2,3,4.9
2024-12-01,2,1,8.3
2024-12-01,2,2,5.5
2024-12-01,2,3,4.9
2025-01-01,2,1,8.2
2025-01-01,2,2,5.1
2025-01-01,2,3,5.2
2025-02-01,2,1,7.5
2025-02-01,2,2,5.2
2025-02-01,2,3,5.2
2025-03-01,2,1,7.9
2025-03-01,2,2,5.3
2025-03-01,2,3,4.9
2025-04-01,2,1,7.7
2025-04-01,2,2,5.1
2025-04-01,2,3,4.4
2025-05-01,2,1,7.9
2025-05-01,2,2,5.2
2025-05-01,2,3,4.1
2025-06-01,2,1,7.7
2025-06-01,2,2,5.1
2025-06-01,2,3,3.5
2025-07-01,2,1,7.6
2025-07-01,2,2,5.2
2025-07-01,2,3,3.5
2025-08-01,2,1,8.1
2025-08-01,2,2,5.3
2025-08-01,2,3,3.7
2025-09-01,2,1,7.8
2025-09-01,2,2,4.9
2025-09-01,2,3,4
2025-10-01,2,1,7.8
2025-10-01,2,2,5.1
2025-10-01,2,3,4.7
2025-11-01,2,1,7.4
2025-11-01,2,2,5.1
2025-11-01,2,3,5.2
2025-12-01,2,1,7.5
2025-12-01,2,2,5.3
2025-12-01,2,3,4.6
2026-01-01,2,1,7.5
2026-01-01,2,2,5.4
2026-01-01,2,3,4.9
2026-02-01,2,1,8
2026-02-01,2,2,5.3
2026-02-01,2,3,5.1
2026-03-01,2,1,8
2026-03-01,2,2,5.3
2026-03-01,2,3,4.6
2026-04-01,2,1,7.7
2026-04-01,2,2,5.3
2026-04-01,2,3,4.7
2026-05-01,2,1,7.5
2026-05-01,2,2,5.1
2026-05-01,2,3,3.8
2026-06-01,2,1,8.5
2026-06-01,2,2,4.9
2026-06-01,2,3,3.5
2026-07-01,2,1,7.7
2026-07-01,2,2,5
2026-07-01,2,3,3.4
2026-08-01,2,1,7.1
2026-08-01,2,2,4.6
2026-08-01,2,3,3.7
2026-09-01,2,1,7.4
2026-09-01,2,2,4.9
2026-09-01,2,3,3.7
2024-01-01,3,1,12
2024-01-01,3,2,8
2024-01-01,3,3,8.2
2024-02-01,3,1,11.5
2024-02-01,3,2,8.2
2024-02-01,3,3,7.7
2024-03-01,3,1,12.1
2024-03-01,3,2,8
2024-03-01,3,3,7.2
2024-04-01,3,1,11.9
2024-04-01,3,2,7.5
2024-04-01,3,3,6.1
2024-05-01,3,1,12
2024-05-01,3,2,7.7
2024-05-01,3,3,6
2024-06-01,3,1,11.2
2024-06-01,3,2,7
2024-06-01,3,3,5.2
2024-07-01,3,1,11.7
2024-07-01,3,2,7.7
2024-07-01,3,3,4.9
2024-08-01,3,1,11.3
2024-08-01,3,2,7.3
2024-08-01,3,3,5.2
2024-09-01,3,1,12
2024-09-01,3,2,7.5
2024-09-01,3,3,5.9
2024-10-01,3,1,11.5
2024-10-01,3,2,7.7
2024-10-01,3,3,6.2
2024-11-01,3,1,11.8
2024-11-01,3,2,7.5
2024-11-01,3,3,7.4
2024-12-01,3,1,11.7
2024-12-01,3,2,7.4
2024-12-01,3,3,7.3
2025-01-01,3,1,11.7
2025-01-01,3,2,7.7
2025-01-01,3,3,7.5
2025-02-01,3,1,11.6
2025-02-01,3,2,7.4
2025-02-01,3,3,7.6
2025-03-01,3,1,11
2025-03-01,3,2,7.4
2025-03-01,3,3,7
2025-04-01,3,1,11
2025-04-01,3,2,8.1
2025-04-01,3,3,6.6
2025-05-01,3,1,11.3
2025-05-01,3,2,7.4
2025-05-01,3,3,5.4
2025-06-01,3,1,10.5
2025-06-01,3,2,7.6
2025-06-01,3,3,5.5
2025-07-01,3,1,11.7
2025-07-01,3,2,7.9
2025-07-01,3,3,5
2025-08-01,3,1,11.4
2025-08-01,3,2,7.5
2025-08-01,3,3,5.4
2025-09-01,3,1,11.4
2025-09-01,3,2,7
2025-09-01,3,3,5.4
2025-10-01,3,1,11.6
2025-10-01,3,2,7.1
2025-10-01,3,3,6
2025-11-01,3,1,10.6
2025-11-01,3,2,7.5
2025-11-01,3,3,6.5
2025-12-01,3,1,10.7
2025-12-01,3,2,7.5
2025-12-01,3,3,7.6
2026-01-01,3,1,11.3
2026-01-01,3,2,7.7
2026-01-01,3,3,7.5
2026-02-01,3,1,11.5
2026-02-01,3,2,7.6
2026-02-01,3,3,7.4
2026-03-01,3,1,11.2
2026-03-01,3,2,7.4
2026-03-01,3,3,7.1
2026-04-01,3,1,11
2026-04-01,3,2,7.8
2026-04-01,3,3,6.2
2026-05-01,3,1,10.3
2026-05-01,3,2,7.4
2026-05-01,3,3,5.5
2026-06-01,3,1,11.3
2026-06-01,3,2,7
2026-06-01,3,3,5.2
2026-07-01,3,1,11.8
2026-07-01,3,2,7.2
2026-07-01,3,3,4.8
2026-08-01,3,1,10.3
2026-08-01,3,2,7.3
2026-08-01,3,3,5
2026-09-01,3,1,10.3
2026-09-01,3,2,7.1
2026-09-01,3,3,4.4
2024-01-01,4,1,20.4
2024-01-01,4,2,13.3
2024-01-01,4,3,14.2
2024-02-01,4,1,20.8
2024-02-01,4,2,13.4
2024-02-01,4,3,14.4
2024-03-01,4,1,20.9
2024-03-01,4,2,14.5
2024-03-01,4,3,13.3
2024-04-01,4,1,21.5
2024-04-01,4,2,14.3
2024-04-01,4,3,12.4
2024-05-01,4,1,20.3
2024-05-01,4,2,14.3
2024-05-01,4,3,10.6
2024-06-01,4,1,22
2024-06-01,4,2,13.9
2024-06-01,4,3,9.3
2024-07-01,4,1,19.8
2024-07-01,4,2,14
2024-07-01,4,3,9.5
2024-08-01,4,1,21.7
2024-08-01,4,2,13.6
2024-08-01,4,3,10.2
2024-09-01,4,1,22.4
2024-09-01,4,2,13.5
2024-09-01,4,3,10.7
2024-10-01,4,1,21.6
2024-10-01,4,2,14.7
2024-10-01,4,3,11.5
2024-11-01,4,1,21.9
2024-11-01,4,2,13.7
2024-11-01,4,3,12.7
2024-12-01,4,1,20.7
2024-12-01,4,2,14.5
2024-12-01,4,3,14.4
2025-01-01,4,1,22
2025-01-01,4,2,14.2
2025-01-01,4,3,13.9
2025-02-01,4,1,21.8
2025-02-01,4,2,14.1
2025-02-01,4,3,13.6
2025-03-01,4,1,20
2025-03-01,4,2,14
2025-03-01,4,3,13.8
2025-04-01,4,1,22
2025-04-01,4,2,15.5
2025-04-01,4,3,12.6
2025-05-01,4,1,21.5
2025-05-01,4,2,14.8
2025-05-01,4,3,11.3
2025-06-01,4,1,21.7
2025-06-01,4,2,15.5
2025-06-01,4,3,10.4
2025-07-01,4,1,22
2025-07-01,4,2,15.1
2025-07-01,4,3,9.4
2025-08-01,4,1,22.7
2025-08-01,4,2,15.2
2025-08-01,4,3,10.1
2025-09-01,4,1,20.2
2025-09-01,4,2,15.1
2025-09-01,4,3,11.3
2025-10-01,4,1,21.2
2025-10-01,4,2,14.9
2025-10-01,4,3,11.7
2025-11-01,4,1,23
2025-11-01,4,2,14.9
2025-11-01,4,3,13.6
2025-12-01,4,1,23.9
2025-12-01,4,2,15.6
2025-12-01,4,3,14.3
2026-01-01,4,1,23.2
2026-01-01,4,2,14.6
2026-01-01,4,3,15.6
2026-02-01,4,1,24.1
2026-02-01,4,2,15.1
2026-02-01,4,3,14.7
2026-03-01,4,1,22.7
2026-03-01,4,2,14.9
2026-03-01,4,3,14.1
2026-04-01,4,1,22.3
2026-04-01,4,2,15.2
2026-04-01,4,3,12.7
2026-05-01,4,1,22.9
2026-05-01,4,2,16
2026-05-01,4,3,11.7
2026-06-01,4,1,23.1
2026-06-01,4,2,16
2026-06-01,4,3,10.9
2026-07-01,4,1,22.9
2026-07-01,4,2,14.9
2026-07-01,4,3,10.4
2026-08-01,4,1,24.3
2026-08-01,4,2,15.7
2026-08-01,4,3,10.2
2026-09-01,4,1,22
2026-09-01,4,2,13.4
2026-09-01,4,3,11.4
2024-01-01,5,1,19.8
2024-01-01,5,2,13.7
2024-01-01,5,3,13.8
2024-02-01,5,1,18.6
2024-02-01,5,2,12.3
2024-02-01,5,3,12.2
2024-03-01,5,1,18.7
2024-03-01,5,2,12.9
2024-03-01,5,3,11.6
2024-04-01,5,1,20.4
2024-04-01,5,2,13.7
2024-04-01,5,3,10.3
2024-05-01,5,1,20.6
2024-05-01,5,2,14.5
2024-05-01,5,3,10.2
2024-06-01,5,1,18.7
2024-06-01,5,2,12.5
2024-06-01,5,3,9.2
2024-07-01,5,1,19.9
2024-07-01,5,2,13
2024-07-01,5,3,8.7
2024-08-01,5,1,21.4
2024-08-01,5,2,14
2024-08-01,5,3,9.2
2024-09-01,5,1,20.1
2024-09-01,5,2,13.4
2024-09-01,5,3,10.2
2024-10-01,5,1,19.9
2024-10-01,5,2,13.7
2024-10-01,5,3,11.1
2024-11-01,5,1,20.2
2024-11-01,5,2,14
2024-11-01,5,3,12.9
2024-12-01,5,1,21.6
2024-12-01,5,2,14.2
2024-12-01,5,3,14.5
2025-01-01,5,1,19.9
2025-01-01,5,2,13.4
2025-01-01,5,3,13.3
2025-02-01,5,1,21.6
2025-02-01,5,2,14.5
2025-02-01,5,3,12.7
2025-03-01,5,1,20
2025-03-01,5,2,13.7
2025-03-01,5,3,12.8
2025-04-01,5,1,21.5
2025-04-01,5,2,13.5
2025-04-01,5,3,11.9
2025-05-01,5,1,21.3
2025-05-01,5,2,14.1
2025-05-01,5,3,10.4
2025-06-01,5,1,20.4
2025-06-01,5,2,14.4
2025-06-01,5,3,9.3
2025-07-01,5,1,19.6
2025-07-01,5,2,14.7
2025-07-01,5,3,9.3
2025-08-01,5,1,20.7
2025-08-01,5,2,14.5
2025-08-01,5,3,9.6
2025-09-01,5,1,22.2
2025-09-01,5,2,14
2025-09-01,5,3,10.3
2025-10-01,5,1,22.1
2025-10-01,5,2,14.4
2025-10-01,5,3,12.5
2025-11-01,5,1,20.6
2025-11-01,5,2,14.9
2025-11-01,5,3,12.8
2025-12-01,5,1,22.7
2025-12-01,5,2,14.3
2025-12-01,5,3,14.7
2026-01-01,5,1,22.5
2026-01-01,5,2,14.3
2026-01-01,5,3,14.2
2026-02-01,5,1,21.7
2026-02-01,5,2,14.4
2026-02-01,5,3,14.5
2026-03-01,5,1,22
2026-03-01,5,2,14.6
2026-03-01,5,3,13.4
2026-04-01,5,1,22.6
2026-04-01,5,2,15.1
2026-04-01,5,3,12
2026-05-01,5,1,21.7
2026-05-01,5,2,15.7
2026-05-01,5,3,11
2026-06-01,5,1,23.8
2026-06-01,5,2,13.9
2026-06-01,5,3,10.5
2026-07-01,5,1,22
2026-07-01,5,2,14.6
2026-07-01,5,3,9.6
2026-08-01,5,1,22.5
2026-08-01,5,2,14.6
2026-08-01,5,3,10.6
2026-09-01,5,1,20.6
2026-09-01,5,2,14.1
2026-09-01,5,3,10.6
2024-01-01,6,1,11
2024-01-01,6,2,7
2024-01-01,6,3,7.5
2024-02-01,6,1,11.2
2024-02-01,6,2,7.1
2024-02-01,6,3,7
2024-03-01,6,1,10.3
2024-03-01,6,2,7.2
2024-03-01,6,3,6.5
2024-04-01,6,1,11.1
2024-04-01,6,2,7.3
2024-04-01,6,3,6.3
2024-05-01,6,1,10.5
2024-05-01,6,2,7
2024-05-01,6,3,5.6
2024-06-01,6,1,10.7
2024-06-01,6,2,7.1
2024-06-01,6,3,4.8
2024-07-01,6,1,11.1
2024-07-01,6,2,7
2024-07-01,6,3,4.4
2024-08-01,6,1,10.3
2024-08-01,6,2,7.7
2024-08-01,6,3,5.1
2024-09-01,6,1,11
2024-09-01,6,2,7.2
2024-09-01,6,3,5.2
2024-10-01,6,1,10.7
2024-10-01,6,2,7.2
2024-10-01,6,3,6
2024-11-01,6,1,10.7
2024-11-01,6,2,7.3
2024-11-01,6,3,6.3
2024-12-01,6,1,10.5
2024-12-01,6,2,7.4
2024-12-01,6,3,6.9
2025-01-01,6,1,10.5
2025-01-01,6,2,7
2025-01-01,6,3,7.6
2025-02-01,6,1,10.4
2025-02-01,6,2,7.3
2025-02-01,6,3,7.3
2025-03-01,6,1,10.8
2025-03-01,6,2,7
2025-03-01,6,3,6.4
2025-04-01,6,1,11.9
2025-04-01,6,2,7.2
2025-04-01,6,3,6.1
2025-05-01,6,1,10.3
2025-05-01,6,2,6.9
2025-05-01,6,3,5.1
2025-06-01,6,1,10.2
2025-06-01,6,2,7
2025-06-01,6,3,4.8
2025-07-01,6,1,10.3
2025-07-01,6,2,6.6
2025-07-01,6,3,4.4
2025-08-01,6,1,10.5
2025-08-01,6,2,7.2
2025-08-01,6,3,4.9
2025-09-01,6,1,10.7
2025-09-01,6,2,6.9
2025-09-01,6,3,5.4
2025-10-01,6,1,9.9
2025-10-01,6,2,7.4
2025-10-01,6,3,5.8
2025-11-01,6,1,10.5
2025-11-01,6,2,7.2
2025-11-01,6,3,6.2
2025-12-01,6,1,10.4
2025-12-01,6,2,7.3
2025-12-01,6,3,6.4
2026-01-01,6,1,11
2026-01-01,6,2,6.9
2026-01-01,6,3,6.9
2026-02-01,6,1,10.4
2026-02-01,6,2,7
2026-02-01,6,3,6.9
2026-03-01,6,1,9.8
2026-03-01,6,2,6.5
2026-03-01,6,3,6.2
2026-04-01,6,1,10.1
2026-04-01,6,2,7.1
2026-04-01,6,3,5.7
2026-05-01,6,1,10.2
2026-05-01,6,2,6.9
2026-05-01,6,3,5.2
2026-06-01,6,1,10.7
2026-06-01,6,2,6.9
2026-06-01,6,3,4.5
2026-07-01,6,1,9.7
2026-07-01,6,2,6.8
2026-07-01,6,3,4.6
2026-08-01,6,1,10.2
2026-08-01,6,2,7
2026-08-01,6,3,4.8
2026-09-01,6,1,10.5
2026-09-01,6,2,5.9
2026-09-01,6,3,5
2024-01-01,7,1,12.6
2024-01-01,7,2,8.1
2024-01-01,7,3,8.9
2024-02-01,7,1,12.8
2024-02-01,7,2,9
2024-02-01,7,3,8.4
2024-03-01,7,1,13.1
2024-03-01,7,2,8.3
2024-03-01,7,3,8.3
2024-04-01,7,1,11.7
2024-04-01,7,2,8.3
2024-04-01,7,3,6.9
2024-05-01,7,1,12.4
2024-05-01,7,2,8.1
2024-05-01,7,3,6.7
2024-06-01,7,1,13.5
2024-06-01,7,2,8.6
2024-06-01,7,3,5.4
2024-07-01,7,1,12.6
2024-07-01,7,2,8.8
2024-07-01,7,3,5.6
2024-08-01,7,1,12.7
2024-08-01,7,2,8.1
2024-08-01,7,3,6
2024-09-01,7,1,13
2024-09-01,7,2,8.1
2024-09-01,7,3,5.7
2024-10-01,7,1,12.7
2024-10-01,7,2,8.9
2024-10-01,7,3,7.3
2024-11-01,7,1,11.8
2024-11-01,7,2,8.5
2024-11-01,7,3,8.2
2024-12-01,7,1,12.2
2024-12-01,7,2,8.7
2024-12-01,7,3,8.7
2025-01-01,7,1,12.2
2025-01-01,7,2,8.1
2025-01-01,7,3,8.9
2025-02-01,7,1,13.1
2025-02-01,7,2,8.1
2025-02-01,7,3,8.6
2025-03-01,7,1,12.6
2025-03-01,7,2,9
2025-03-01,7,3,7.9
2025-04-01,7,1,12.8
2025-04-01,7,2,8.1
2025-04-01,7,3,6.8
2025-05-01,7,1,13
2025-05-01,7,2,8.8
2025-05-01,7,3,6.3
2025-06-01,7,1,12
2025-06-01,7,2,8.7
2025-06-01,7,3,5.5
2025-07-01,7,1,13
2025-07-01,7,2,8.1
2025-07-01,7,3,5.7
2025-08-01,7,1,12.2
2025-08-01,7,2,8.3
2025-08-01,7,3,5.7
2025-09-01,7,1,12.9
2025-09-01,7,2,9.1
2025-09-01,7,3,6.3
2025-10-01,7,1,12.8
2025-10-01,7,2,8.6
2025-10-01,7,3,6.9
2025-11-01,7,1,11.3
2025-11-01,7,2,8.4
2025-11-01,7,3,7.7
2025-12-01,7,1,12.3
2025-12-01,7,2,8.6
2025-12-01,7,3,8.3
2026-01-01,7,1,12.6
2026-01-01,7,2,7.6
2026-01-01,7,3,8.2
2026-02-01,7,1,12.1
2026-02-01,7,2,8.8
2026-02-01,7,3,7.9
2026-03-01,7,1,11.6
2026-03-01,7,2,8.9
2026-03-01,7,3,7.9
2026-04-01,7,1,12.5
2026-04-01,7,2,8.3
2026-04-01,7,3,6.9
2026-05-01,7,1,11.9
2026-05-01,7,2,8.3
2026-05-01,7,3,6.2
2026-06-01,7,1,11.4
2026-06-01,7,2,8.1
2026-06-01,7,3,5.8
2026-07-01,7,1,13.1
2026-07-01,7,2,8
2026-07-01,7,3,5.3
2026-08-01,7,1,11.5
2026-08-01,7,2,7.5
2026-08-01,7,3,5.5
2026-09-01,7,1,11.6
2026-09-01,7,2,7.4
2026-09-01,7,3,5.7
2024-01-01,8,1,9.3
2024-01-01,8,2,6.1
2024-01-01,8,3,6.3
2024-02-01,8,1,9.4
2024-02-01,8,2,6.6
2024-02-01,8,3,6.1
2024-03-01,8,1,9.3
2024-03-01,8,2,6.2
2024-03-01,8,3,5.6
2024-04-01,8,1,9.1
2024-04-01,8,2,6.6
2024-04-01,8,3,5.4
2024-05-01,8,1,10.3
2024-05-01,8,2,6.6
2024-05-01,8,3,4.8
2024-06-01,8,1,9.5
2024-06-01,8,2,6.6
2024-06-01,8,3,4.3
2024-07-01,8,1,9.5
2024-07-01,8,2,6.8
2024-07-01,8,3,4
2024-08-01,8,1,8.9
2024-08-01,8,2,6.4
2024-08-01,8,3,4.4
2024-09-01,8,1,9.6
2024-09-01,8,2,5.8
2024-09-01,8,3,4.8
2024-10-01,8,1,9.6
2024-10-01,8,2,6.3
2024-10-01,8,3,5.5
2024-11-01,8,1,9
2024-11-01,8,2,6.1
2024-11-01,8,3,5.6
2024-12-01,8,1,9.2
2024-12-01,8,2,5.8
2024-12-01,8,3,6.1
2025-01-01,8,1,8.4
2025-01-01,8,2,6.4
2025-01-01,8,3,6.5
2025-02-01,8,1,9
2025-02-01,8,2,5.8
2025-02-01,8,3,6.5
2025-03-01,8,1,9.2
2025-03-01,8,2,6.4
2025-03-01,8,3,6
2025-04-01,8,1,9.5
2025-04-01,8,2,6
2025-04-01,8,3,5
2025-05-01,8,1,8.9
2025-05-01,8,2,6.8
2025-05-01,8,3,4.3
2025-06-01,8,1,8.9
2025-06-01,8,2,6.1
2025-06-01,8,3,4.1
2025-07-01,8,1,9.2
2025-07-01,8,2,6.1
2025-07-01,8,3,3.8
2025-08-01,8,1,9.2
2025-08-01,8,2,6.3
2025-08-01,8,3,4
2025-09-01,8,1,9.2
2025-09-01,8,2,6.3
2025-09-01,8,3,4.7
2025-10-01,8,1,8.8
2025-10-01,8,2,6.2
2025-10-01,8,3,5
2025-11-01,8,1,8.7
2025-11-01,8,2,6
2025-11-01,8,3,6.1
2025-12-01,8,1,9
2025-12-01,8,2,6.3
2025-12-01,8,3,5.9
2026-01-01,8,1,8.5
2026-01-01,8,2,5.8
2026-01-01,8,3,6
2026-02-01,8,1,9
2026-02-01,8,2,5.7
2026-02-01,8,3,6.2
2026-03-01,8,1,8.8
2026-03-01,8,2,5.8
2026-03-01,8,3,5.1
2026-04-01,8,1,9.5
2026-04-01,8,2,6
2026-04-01,8,3,4.8
2026-05-01,8,1,9.1
2026-05-01,8,2,6.1
2026-05-01,8,3,4.5
2026-06-01,8,1,8.7
2026-06-01,8,2,5.6
2026-06-01,8,3,4
2026-07-01,8,1,9.2
2026-07-01,8,2,6.1
2026-07-01,8,3,3.6
2026-08-01,8,1,8.6
2026-08-01,8,2,5.5
2026-08-01,8,3,3.7
2026-09-01,8,1,7.8
2026-09-01,8,2,5.4
2026-09-01,8,3,4.2
