Datum,Project_ID,Wijk_ID,Gepland,Opgeleverd
2024-01-01,1,1,1,1
2024-02-01,1,1,2,4
2024-03-01,1,1,1,0
2024-04-01,1,1,2,2
2024-05-01,1,1,1,1
2024-06-01,1,1,2,0
2024-07-01,1,1,1,2
2024-08-01,1,1,1,1
2024-09-01,1,1,2,3
2024-10-01,1,1,1,0
2024-11-01,1,1,2,2
2024-12-01,1,1,1,1
2025-01-01,1,1,2,4
2025-02-01,1,1,1,1
2025-03-01,1,1,2,3
2025-04-01,1,1,1,1
2025-04-01,2,1,1,0
2025-05-01,1,1,0,1
2025-05-01,2,1,1,0
2025-06-01,1,1,1,0
2025-06-01,2,1,0,0
2025-07-01,1,1,1,2
2025-07-01,2,1,1,1
2025-08-01,1,1,1,1
2025-08-01,2,1,1,0
2025-09-01,1,1,1,1
2025-09-01,2,1,1,1
2025-10-01,2,1,1,1
2025-11-01,2,1,2,1
2025-12-01,2,1,1,1
2026-01-01,2,1,1,1
2026-01-01,3,1,1,1
2026-02-01,2,1,1,0
2026-02-01,3,1,1,0
2026-03-01,2,1,1,2
2026-03-01,3,1,1,2
2026-04-01,2,1,1,1
2026-04-01,3,1,0,1
2026-05-01,2,1,1,0
2026-05-01,3,1,1,0
2026-06-01,2,1,1,1
2026-06-01,3,1,1,0
2026-07-01,2,1,0,1
2026-07-01,3,1,1,0
2026-08-01,2,1,1,2
2026-08-01,3,1,1,1
2026-09-01,2,1,1,2
2026-09-01,3,1,1,1
2024-01-01,4,2,3,3
2024-02-01,4,2,3,4
2024-03-01,4,2,3,5
2024-04-01,4,2,2,2
2024-05-01,4,2,3,2
2024-06-01,4,2,3,0
2024-07-01,4,2,3,2
2024-08-01,4,2,3,5
2024-09-01,4,2,3,3
2024-10-01,4,2,2,3
2024-11-01,4,2,3,2
2024-12-01,4,2,3,3
2025-01-01,4,2,3,2
2025-02-01,4,2,3,3
2025-03-01,4,2,4,5
2025-04-01,4,2,1,0
2025-04-01,5,2,2,1
2025-05-01,4,2,2,5
2025-05-01,5,2,1,2
2025-06-01,4,2,1,1
2025-06-01,5,2,2,1
2025-07-01,4,2,2,1
2025-07-01,5,2,1,0
2025-08-01,4,2,1,1
2025-08-01,5,2,2,2
2025-09-01,4,2,2,3
2025-09-01,5,2,1,1
2025-10-01,5,2,4,3
2025-11-01,5,2,3,4
2025-12-01,5,2,3,3
2026-01-01,5,2,2,1
2026-01-01,6,2,2,1
2026-02-01,5,2,1,1
2026-02-01,6,2,1,1
2026-03-01,5,2,2,3
2026-03-01,6,2,2,3
2026-04-01,5,2,2,1
2026-04-01,6,2,2,1
2026-05-01,5,2,1,1
2026-05-01,6,2,1,1
2026-06-01,5,2,2,3
2026-06-01,6,2,2,2
2026-07-01,5,2,2,2
2026-07-01,6,2,2,2
2026-08-01,5,2,1,1
2026-08-01,6,2,1,0
2026-09-01,5,2,2,3
2026-09-01,6,2,2,2
2024-01-01,7,3,1,3
2024-02-01,7,3,2,0
2024-03-01,7,3,1,2
2024-04-01,7,3,2,2
2024-05-01,7,3,1,2
2024-06-01,7,3,2,0
2024-07-01,7,3,1,1
2024-08-01,7,3,1,1
2024-09-01,7,3,2,0
2024-10-01,7,3,1,1
2024-11-01,7,3,2,4
2024-12-01,7,3,1,1
2025-01-01,7,3,2,3
2025-02-01,7,3,1,4
2025-03-01,7,3,2,2
2025-04-01,7,3,1,0
2025-04-01,8,3,1,0
2025-05-01,7,3,0,0
2025-05-01,8,3,1,0
2025-06-01,7,3,1,1
2025-06-01,8,3,0,1
2025-07-01,7,3,1,1
2025-07-01,8,3,1,0
2025-08-01,7,3,1,1
2025-08-01,8,3,1,0
2025-09-01,7,3,1,2
2025-09-01,8,3,1,1
2025-10-01,8,3,1,1
2025-11-01,8,3,2,1
2025-12-01,8,3,1,1
2026-01-01,8,3,1,1
2026-01-01,9,3,1,1
2026-02-01,8,3,1,2
2026-02-01,9,3,1,1
2026-03-01,8,3,1,0
2026-03-01,9,3,1,0
2026-04-01,8,3,1,1
2026-04-01,9,3,0,0
2026-05-01,8,3,1,1
2026-05-01,9,3,1,0
2026-06-01,8,3,1,2
2026-06-01,9,3,1,2
2026-07-01,8,3,0,0
2026-07-01,9,3,1,0
2026-08-01,8,3,1,1
2026-08-01,9,3,1,1
2026-09-01,8,3,1,1
2026-09-01,9,3,1,0
2024-01-01,10,4,1,1
2024-02-01,10,4,1,1
2024-03-01,10,4,1,0
2024-04-01,10,4,1,2
2024-05-01,10,4,1,1
2024-06-01,10,4,1,1
2024-07-01,10,4,2,2
2024-08-01,10,4,1,1
2024-09-01,10,4,1,2
2024-10-01,10,4,1,1
2024-11-01,10,4,1,1
2024-12-01,10,4,1,0
2025-01-01,10,4,1,0
2025-02-01,10,4,1,2
2025-03-01,10,4,1,1
2025-04-01,10,4,1,1
2025-04-01,11,4,1,1
2025-05-01,10,4,1,0
2025-05-01,11,4,0,0
2025-06-01,10,4,0,1
2025-06-01,11,4,1,0
2025-07-01,10,4,1,0
2025-07-01,11,4,0,0
2025-08-01,10,4,0,2
2025-08-01,11,4,1,2
2025-09-01,10,4,1,0
2025-09-01,11,4,1,0
2025-10-01,11,4,1,3
2025-11-01,11,4,1,1
2025-12-01,11,4,1,0
2026-01-01,11,4,1,2
2026-01-01,12,4,1,1
2026-02-01,11,4,0,1
2026-02-01,12,4,0,0
2026-03-01,11,4,1,0
2026-03-01,12,4,1,0
2026-04-01,11,4,1,0
2026-04-01,12,4,1,0
2026-05-01,11,4,0,0
2026-05-01,12,4,0,0
2026-06-01,11,4,1,1
2026-06-01,12,4,1,1
2026-07-01,11,4,0,1
2026-07-01,12,4,0,1
2026-08-01,11,4,1,1
2026-08-01,12,4,1,0
2026-09-01,11,4,1,1
2026-09-01,12,4,1,0
2024-01-01,13,5,1,1
2024-02-01,13,5,0,0
2024-03-01,13,5,1,0
2024-04-01,13,5,1,0
2024-05-01,13,5,0,1
2024-06-01,13,5,1,1
2024-07-01,13,5,1,1
2024-08-01,13,5,0,0
2024-09-01,13,5,1,1
2024-10-01,13,5,1,0
2024-11-01,13,5,0,0
2024-12-01,13,5,1,3
2025-01-01,13,5,1,4
2025-02-01,13,5,1,1
2025-03-01,13,5,0,1
2025-04-01,13,5,1,0
2025-04-01,14,5,0,0
2025-05-01,13,5,0,0
2025-05-01,14,5,1,0
2025-06-01,13,5,1,0
2025-06-01,14,5,0,0
2025-07-01,13,5,0,0
2025-07-01,14,5,1,0
2025-08-01,13,5,1,1
2025-08-01,14,5,0,0
2025-09-01,13,5,0,1
2025-09-01,14,5,1,0
2025-10-01,14,5,0,0
2025-11-01,14,5,1,1
2025-12-01,14,5,1,1
2026-01-01,14,5,0,1
2026-01-01,15,5,0,0
2026-02-01,14,5,1,0
2026-02-01,15,5,1,0
2026-03-01,14,5,0,0
2026-03-01,15,5,0,1
2026-04-01,14,5,1,0
2026-04-01,15,5,1,1
2026-05-01,14,5,0,0
2026-05-01,15,5,0,0
2026-06-01,14,5,1,0
2026-06-01,15,5,1,1
2026-07-01,14,5,0,0
2026-07-01,15,5,0,0
2026-08-01,14,5,0,0
2026-08-01,15,5,0,1
2026-09-01,14,5,1,0
2026-09-01,15,5,1,0
2024-01-01,16,6,2,4
2024-02-01,16,6,2,4
2024-03-01,16,6,2,3
2024-04-01,16,6,3,1
2024-05-01,16,6,2,1
2024-06-01,16,6,2,2
2024-07-01,16,6,2,2
2024-08-01,16,6,2,0
2024-09-01,16,6,2,1
2024-10-01,16,6,3,1
2024-11-01,16,6,2,2
2024-12-01,16,6,2,5
2025-01-01,16,6,2,6
2025-02-01,16,6,3,4
2025-03-01,16,6,2,1
2025-04-01,16,6,1,1
2025-04-01,17,6,1,1
2025-05-01,16,6,1,1
2025-05-01,17,6,1,1
2025-06-01,16,6,1,1
2025-06-01,17,6,2,1
2025-07-01,16,6,2,2
2025-07-01,17,6,1,1
2025-08-01,16,6,1,1
2025-08-01,17,6,1,1
2025-09-01,16,6,1,1
2025-09-01,17,6,1,1
2025-10-01,17,6,2,0
2025-11-01,17,6,3,4
2025-12-01,17,6,2,0
2026-01-01,17,6,1,2
2026-01-01,18,6,1,2
2026-02-01,17,6,2,1
2026-02-01,18,6,2,1
2026-03-01,17,6,1,3
2026-03-01,18,6,1,0
2026-04-01,17,6,1,1
2026-04-01,18,6,1,0
2026-05-01,17,6,1,1
2026-05-01,18,6,1,0
2026-06-01,17,6,2,0
2026-06-01,18,6,2,0
2026-07-01,17,6,1,1
2026-07-01,18,6,1,0
2026-08-01,17,6,1,1
2026-08-01,18,6,1,0
2026-09-01,17,6,1,1
2026-09-01,18,6,1,0
2024-01-01,19,7,1,0
2024-02-01,19,7,1,0
2024-03-01,19,7,1,0
2024-04-01,19,7,1,2
2024-05-01,19,7,1,3
2024-06-01,19,7,1,1
2024-07-01,19,7,2,2
2024-08-01,19,7,1,1
2024-09-01,19,7,1,1
2024-10-01,19,7,1,2
2024-11-01,19,7,1,0
2024-12-01,19,7,1,1
2025-01-01,19,7,1,2
2025-02-01,19,7,1,1
2025-03-01,19,7,1,2
2025-04-01,19,7,1,1
2025-04-01,20,7,1,0
2025-05-01,19,7,1,1
2025-05-01,20,7,0,0
2025-06-01,19,7,0,0
2025-06-01,20,7,1,0
2025-07-01,19,7,1,1
2025-07-01,20,7,0,0
2025-08-01,19,7,0,1
2025-08-01,20,7,1,0
2025-09-01,19,7,1,0
2025-09-01,20,7,1,0
2025-10-01,20,7,1,2
2025-11-01,20,7,1,1
2025-12-01,20,7,1,2
2026-01-01,20,7,1,1
2026-01-01,21,7,1,0
2026-02-01,20,7,0,0
2026-02-01,21,7,0,0
2026-03-01,20,7,1,1
2026-03-01,21,7,1,1
2026-04-01,20,7,1,1
2026-04-01,21,7,1,0
2026-05-01,20,7,0,2
2026-05-01,21,7,0,1
2026-06-01,20,7,1,1
2026-06-01,21,7,1,0
2026-07-01,20,7,0,1
2026-07-01,21,7,0,0
2026-08-01,20,7,1,1
2026-08-01,21,7,1,0
2026-09-01,20,7,1,0
2026-09-01,21,7,1,0
2024-01-01,22,8,1,1
2024-02-01,22,8,0,1
2024-03-01,22,8,1,0
2024-04-01,22,8,1,1
2024-05-01,22,8,0,0
2024-06-01,22,8,1,1
2024-07-01,22,8,1,1
2024-08-01,22,8,0,1
2024-09-01,22,8,1,0
2024-10-01,22,8,1,1
2024-11-01,22,8,0,0
2024-12-01,22,8,1,1
2025-01-01,22,8,1,0
2025-02-01,22,8,1,0
2025-03-01,22,8,0,0
2025-04-01,22,8,1,0
2025-04-01,23,8,0,0
2025-05-01,22,8,0,2
2025-05-01,23,8,1,1
2025-06-01,22,8,1,1
2025-06-01,23,8,0,0
2025-07-01,22,8,0,1
2025-07-01,23,8,1,0
2025-08-01,22,8,1,1
2025-08-01,23,8,0,0
2025-09-01,22,8,0,1
2025-09-01,23,8,1,0
2025-10-01,23,8,0,1
2025-11-01,23,8,1,1
2025-12-01,23,8,1,1
2026-01-01,23,8,0,0
2026-01-01,24,8,0,0
2026-02-01,23,8,1,1
2026-02-01,24,8,1,0
2026-03-01,23,8,0,0
2026-03-01,24,8,0,0
2026-04-01,23,8,1,0
2026-04-01,24,8,1,0
2026-05-01,23,8,0,1
2026-05-01,24,8,0,0
2026-06-01,23,8,1,0
2026-06-01,24,8,1,0
2026-07-01,23,8,0,0
2026-07-01,24,8,0,0
2026-08-01,23,8,0,1
2026-08-01,24,8,0,1
2026-09-01,23,8,1,1
2026-09-01,24,8,1,0
