Datum,Wijk_ID,Leeftijd_ID,Werkzoekenden,Beroepsbevolking
2024-01-01,1,1,63,583
2024-01-01,1,2,88,1458
2024-01-01,1,3,58,874
2024-01-01,2,1,51,490
2024-01-01,2,2,72,1224
2024-01-01,2,3,48,735
2024-01-01,3,1,60,541
2024-01-01,3,2,84,1353
2024-01-01,3,3,56,811
2024-01-01,4,1,84,760
2024-01-01,4,2,117,1899
2024-01-01,4,3,78,1140
2024-01-01,5,1,51,468
2024-01-01,5,2,71,1171
2024-01-01,5,3,47,703
2024-01-01,6,1,53,500
2024-01-01,6,2,73,1250
2024-01-01,6,3,49,750
2024-01-01,7,1,58,530
2024-01-01,7,2,81,1326
2024-01-01,7,3,54,796
2024-01-01,8,1,40,385
2024-01-01,8,2,57,963
2024-01-01,8,3,38,577
2024-02-01,1,1,61,583
2024-02-01,1,2,85,1459
2024-02-01,1,3,57,875
2024-02-01,2,1,52,491
2024-02-01,2,2,72,1227
2024-02-01,2,3,48,736
2024-02-01,3,1,58,541
2024-02-01,3,2,81,1354
2024-02-01,3,3,54,812
2024-02-01,4,1,81,760
2024-02-01,4,2,113,1901
2024-02-01,4,3,76,1141
2024-02-01,5,1,52,469
2024-02-01,5,2,73,1172
2024-02-01,5,3,49,703
2024-02-01,6,1,57,501
2024-02-01,6,2,80,1252
2024-02-01,6,3,53,751
2024-02-01,7,1,55,531
2024-02-01,7,2,76,1327
2024-02-01,7,3,51,796
2024-02-01,8,1,42,386
2024-02-01,8,2,58,964
2024-02-01,8,3,39,578
2024-03-01,1,1,63,584
2024-03-01,1,2,88,1461
2024-03-01,1,3,58,877
2024-03-01,2,1,50,492
2024-03-01,2,2,69,1230
2024-03-01,2,3,46,738
2024-03-01,3,1,57,542
2024-03-01,3,2,81,1355
2024-03-01,3,3,54,813
2024-03-01,4,1,82,761
2024-03-01,4,2,115,1901
2024-03-01,4,3,77,1141
2024-03-01,5,1,53,469
2024-03-01,5,2,74,1173
2024-03-01,5,3,49,704
2024-03-01,6,1,54,502
2024-03-01,6,2,75,1254
2024-03-01,6,3,50,752
2024-03-01,7,1,55,531
2024-03-01,7,2,76,1327
2024-03-01,7,3,51,796
2024-03-01,8,1,42,386
2024-03-01,8,2,58,964
2024-03-01,8,3,39,579
2024-04-01,1,1,63,585
2024-04-01,1,2,89,1462
2024-04-01,1,3,59,877
2024-04-01,2,1,54,493
2024-04-01,2,2,76,1233
2024-04-01,2,3,51,739
2024-04-01,3,1,61,543
2024-04-01,3,2,85,1356
2024-04-01,3,3,57,814
2024-04-01,4,1,82,761
2024-04-01,4,2,115,1903
2024-04-01,4,3,76,1142
2024-04-01,5,1,50,469
2024-04-01,5,2,69,1174
2024-04-01,5,3,46,704
2024-04-01,6,1,55,502
2024-04-01,6,2,78,1256
2024-04-01,6,3,52,753
2024-04-01,7,1,63,531
2024-04-01,7,2,87,1328
2024-04-01,7,3,58,796
2024-04-01,8,1,42,386
2024-04-01,8,2,58,965
2024-04-01,8,3,39,579
2024-05-01,1,1,60,585
2024-05-01,1,2,85,1464
2024-05-01,1,3,56,878
2024-05-01,2,1,52,494
2024-05-01,2,2,73,1235
2024-05-01,2,3,48,741
2024-05-01,3,1,60,543
2024-05-01,3,2,84,1358
2024-05-01,3,3,56,815
2024-05-01,4,1,83,762
2024-05-01,4,2,115,1905
2024-05-01,4,3,77,1143
2024-05-01,5,1,50,470
2024-05-01,5,2,70,1174
2024-05-01,5,3,46,704
2024-05-01,6,1,53,503
2024-05-01,6,2,74,1257
2024-05-01,6,3,50,754
2024-05-01,7,1,58,532
2024-05-01,7,2,82,1329
2024-05-01,7,3,54,797
2024-05-01,8,1,44,386
2024-05-01,8,2,61,966
2024-05-01,8,3,41,580
2024-06-01,1,1,62,586
2024-06-01,1,2,86,1466
2024-06-01,1,3,58,879
2024-06-01,2,1,56,495
2024-06-01,2,2,79,1238
2024-06-01,2,3,52,743
2024-06-01,3,1,59,544
2024-06-01,3,2,83,1359
2024-06-01,3,3,55,816
2024-06-01,4,1,80,762
2024-06-01,4,2,112,1905
2024-06-01,4,3,75,1143
2024-06-01,5,1,51,470
2024-06-01,5,2,72,1174
2024-06-01,5,3,48,705
2024-06-01,6,1,56,503
2024-06-01,6,2,79,1259
2024-06-01,6,3,53,755
2024-06-01,7,1,57,532
2024-06-01,7,2,81,1329
2024-06-01,7,3,54,797
2024-06-01,8,1,41,386
2024-06-01,8,2,58,966
2024-06-01,8,3,39,580
2024-07-01,1,1,65,587
2024-07-01,1,2,92,1467
2024-07-01,1,3,61,880
2024-07-01,2,1,56,496
2024-07-01,2,2,78,1240
2024-07-01,2,3,52,744
2024-07-01,3,1,62,544
2024-07-01,3,2,87,1361
2024-07-01,3,3,58,817
2024-07-01,4,1,85,762
2024-07-01,4,2,119,1906
2024-07-01,4,3,79,1143
2024-07-01,5,1,51,470
2024-07-01,5,2,72,1175
2024-07-01,5,3,48,705
2024-07-01,6,1,56,504
2024-07-01,6,2,78,1260
2024-07-01,6,3,52,756
2024-07-01,7,1,57,532
2024-07-01,7,2,80,1330
2024-07-01,7,3,54,798
2024-07-01,8,1,41,387
2024-07-01,8,2,58,967
2024-07-01,8,3,39,580
2024-08-01,1,1,62,587
2024-08-01,1,2,86,1468
2024-08-01,1,3,57,880
2024-08-01,2,1,52,497
2024-08-01,2,2,73,1243
2024-08-01,2,3,48,745
2024-08-01,3,1,59,545
2024-08-01,3,2,83,1362
2024-08-01,3,3,55,817
2024-08-01,4,1,85,763
2024-08-01,4,2,119,1906
2024-08-01,4,3,79,1144
2024-08-01,5,1,52,470
2024-08-01,5,2,73,1175
2024-08-01,5,3,48,705
2024-08-01,6,1,57,505
2024-08-01,6,2,79,1263
2024-08-01,6,3,53,758
2024-08-01,7,1,59,533
2024-08-01,7,2,83,1331
2024-08-01,7,3,56,799
2024-08-01,8,1,43,387
2024-08-01,8,2,61,968
2024-08-01,8,3,40,581
2024-09-01,1,1,69,588
2024-09-01,1,2,96,1469
2024-09-01,1,3,64,882
2024-09-01,2,1,55,498
2024-09-01,2,2,77,1244
2024-09-01,2,3,51,746
2024-09-01,3,1,60,546
2024-09-01,3,2,83,1364
2024-09-01,3,3,56,818
2024-09-01,4,1,80,763
2024-09-01,4,2,111,1908
2024-09-01,4,3,74,1144
2024-09-01,5,1,53,471
2024-09-01,5,2,73,1178
2024-09-01,5,3,49,706
2024-09-01,6,1,56,506
2024-09-01,6,2,79,1265
2024-09-01,6,3,53,759
2024-09-01,7,1,58,533
2024-09-01,7,2,82,1332
2024-09-01,7,3,54,799
2024-09-01,8,1,43,387
2024-09-01,8,2,60,969
2024-09-01,8,3,40,581
2024-10-01,1,1,62,589
2024-10-01,1,2,87,1471
2024-10-01,1,3,58,883
2024-10-01,2,1,55,499
2024-10-01,2,2,77,1247
2024-10-01,2,3,52,748
2024-10-01,3,1,56,546
2024-10-01,3,2,79,1366
2024-10-01,3,3,53,819
2024-10-01,4,1,76,763
2024-10-01,4,2,107,1907
2024-10-01,4,3,71,1144
2024-10-01,5,1,53,471
2024-10-01,5,2,74,1179
2024-10-01,5,3,50,707
2024-10-01,6,1,50,507
2024-10-01,6,2,70,1266
2024-10-01,6,3,47,760
2024-10-01,7,1,60,533
2024-10-01,7,2,84,1334
2024-10-01,7,3,56,800
2024-10-01,8,1,43,388
2024-10-01,8,2,60,970
2024-10-01,8,3,40,582
2024-11-01,1,1,64,589
2024-11-01,1,2,89,1473
2024-11-01,1,3,60,884
2024-11-01,2,1,55,500
2024-11-01,2,2,77,1250
2024-11-01,2,3,51,750
2024-11-01,3,1,59,547
2024-11-01,3,2,83,1367
2024-11-01,3,3,55,820
2024-11-01,4,1,84,763
2024-11-01,4,2,118,1908
2024-11-01,4,3,79,1144
2024-11-01,5,1,51,472
2024-11-01,5,2,72,1179
2024-11-01,5,3,48,708
2024-11-01,6,1,56,508
2024-11-01,6,2,78,1269
2024-11-01,6,3,52,761
2024-11-01,7,1,58,533
2024-11-01,7,2,82,1334
2024-11-01,7,3,54,800
2024-11-01,8,1,46,388
2024-11-01,8,2,65,970
2024-11-01,8,3,43,582
2024-12-01,1,1,70,590
2024-12-01,1,2,98,1474
2024-12-01,1,3,65,884
2024-12-01,2,1,53,501
2024-12-01,2,2,73,1253
2024-12-01,2,3,49,751
2024-12-01,3,1,63,547
2024-12-01,3,2,88,1368
2024-12-01,3,3,59,821
2024-12-01,4,1,80,764
2024-12-01,4,2,113,1909
2024-12-01,4,3,75,1145
2024-12-01,5,1,55,472
2024-12-01,5,2,76,1181
2024-12-01,5,3,51,709
2024-12-01,6,1,56,508
2024-12-01,6,2,78,1271
2024-12-01,6,3,52,763
2024-12-01,7,1,58,534
2024-12-01,7,2,81,1334
2024-12-01,7,3,54,801
2024-12-01,8,1,42,388
2024-12-01,8,2,60,971
2024-12-01,8,3,40,582
2025-01-01,1,1,68,590
2025-01-01,1,2,94,1475
2025-01-01,1,3,63,885
2025-01-01,2,1,55,502
2025-01-01,2,2,77,1256
2025-01-01,2,3,52,753
2025-01-01,3,1,62,548
2025-01-01,3,2,86,1369
2025-01-01,3,3,58,821
2025-01-01,4,1,92,764
2025-01-01,4,2,129,1909
2025-01-01,4,3,86,1146
2025-01-01,5,1,51,473
2025-01-01,5,2,71,1182
2025-01-01,5,3,48,709
2025-01-01,6,1,57,509
2025-01-01,6,2,81,1273
2025-01-01,6,3,54,764
2025-01-01,7,1,60,534
2025-01-01,7,2,84,1335
2025-01-01,7,3,56,801
2025-01-01,8,1,41,388
2025-01-01,8,2,57,971
2025-01-01,8,3,38,583
2025-02-01,1,1,68,590
2025-02-01,1,2,95,1476
2025-02-01,1,3,63,886
2025-02-01,2,1,53,503
2025-02-01,2,2,74,1258
2025-02-01,2,3,49,754
2025-02-01,3,1,64,548
2025-02-01,3,2,89,1370
2025-02-01,3,3,59,822
2025-02-01,4,1,88,764
2025-02-01,4,2,123,1911
2025-02-01,4,3,82,1146
2025-02-01,5,1,55,473
2025-02-01,5,2,77,1181
2025-02-01,5,3,51,709
2025-02-01,6,1,59,510
2025-02-01,6,2,83,1276
2025-02-01,6,3,56,765
2025-02-01,7,1,60,535
2025-02-01,7,2,84,1336
2025-02-01,7,3,56,802
2025-02-01,8,1,43,389
2025-02-01,8,2,61,972
2025-02-01,8,3,41,583
2025-03-01,1,1,63,591
2025-03-01,1,2,89,1478
2025-03-01,1,3,59,887
2025-03-01,2,1,57,504
2025-03-01,2,2,79,1260
2025-03-01,2,3,53,756
2025-03-01,3,1,60,548
2025-03-01,3,2,84,1371
2025-03-01,3,3,56,822
2025-03-01,4,1,87,765
2025-03-01,4,2,121,1911
2025-03-01,4,3,81,1147
2025-03-01,5,1,52,471
2025-03-01,5,2,73,1178
2025-03-01,5,3,49,706
2025-03-01,6,1,57,511
2025-03-01,6,2,80,1277
2025-03-01,6,3,54,766
2025-03-01,7,1,65,535
2025-03-01,7,2,91,1337
2025-03-01,7,3,60,802
2025-03-01,8,1,44,389
2025-03-01,8,2,62,972
2025-03-01,8,3,41,583
2025-04-01,1,1,65,592
2025-04-01,1,2,91,1479
2025-04-01,1,3,61,888
2025-04-01,2,1,55,505
2025-04-01,2,2,77,1264
2025-04-01,2,3,52,758
2025-04-01,3,1,59,549
2025-04-01,3,2,83,1371
2025-04-01,3,3,56,823
2025-04-01,4,1,88,765
2025-04-01,4,2,123,1913
2025-04-01,4,3,82,1147
2025-04-01,5,1,53,469
2025-04-01,5,2,74,1173
2025-04-01,5,3,50,703
2025-04-01,6,1,60,512
2025-04-01,6,2,84,1279
2025-04-01,6,3,56,768
2025-04-01,7,1,62,535
2025-04-01,7,2,87,1338
2025-04-01,7,3,58,803
2025-04-01,8,1,45,389
2025-04-01,8,2,63,973
2025-04-01,8,3,42,584
2025-05-01,1,1,67,592
2025-05-01,1,2,94,1481
2025-05-01,1,3,62,889
2025-05-01,2,1,59,506
2025-05-01,2,2,82,1266
2025-05-01,2,3,55,760
2025-05-01,3,1,63,549
2025-05-01,3,2,87,1373
2025-05-01,3,3,58,824
2025-05-01,4,1,91,765
2025-05-01,4,2,127,1913
2025-05-01,4,3,84,1147
2025-05-01,5,1,54,467
2025-05-01,5,2,76,1167
2025-05-01,5,3,51,700
2025-05-01,6,1,55,513
2025-05-01,6,2,77,1281
2025-05-01,6,3,51,769
2025-05-01,7,1,60,536
2025-05-01,7,2,85,1339
2025-05-01,7,3,56,803
2025-05-01,8,1,44,389
2025-05-01,8,2,62,974
2025-05-01,8,3,42,584
2025-06-01,1,1,65,593
2025-06-01,1,2,92,1483
2025-06-01,1,3,61,890
2025-06-01,2,1,62,507
2025-06-01,2,2,87,1268
2025-06-01,2,3,58,761
2025-06-01,3,1,65,549
2025-06-01,3,2,91,1374
2025-06-01,3,3,61,824
2025-06-01,4,1,85,765
2025-06-01,4,2,119,1914
2025-06-01,4,3,79,1148
2025-06-01,5,1,51,465
2025-06-01,5,2,72,1161
2025-06-01,5,3,48,697
2025-06-01,6,1,58,513
2025-06-01,6,2,81,1284
2025-06-01,6,3,54,770
2025-06-01,7,1,60,536
2025-06-01,7,2,84,1340
2025-06-01,7,3,56,804
2025-06-01,8,1,42,390
2025-06-01,8,2,59,974
2025-06-01,8,3,40,584
2025-07-01,1,1,68,594
2025-07-01,1,2,94,1484
2025-07-01,1,3,63,890
2025-07-01,2,1,61,508
2025-07-01,2,2,85,1271
2025-07-01,2,3,56,762
2025-07-01,3,1,58,550
2025-07-01,3,2,82,1375
2025-07-01,3,3,54,825
2025-07-01,4,1,86,766
2025-07-01,4,2,121,1915
2025-07-01,4,3,80,1149
2025-07-01,5,1,52,463
2025-07-01,5,2,73,1156
2025-07-01,5,3,48,694
2025-07-01,6,1,62,514
2025-07-01,6,2,86,1286
2025-07-01,6,3,57,771
2025-07-01,7,1,64,536
2025-07-01,7,2,89,1341
2025-07-01,7,3,59,804
2025-07-01,8,1,43,390
2025-07-01,8,2,60,974
2025-07-01,8,3,40,585
2025-08-01,1,1,68,594
2025-08-01,1,2,96,1485
2025-08-01,1,3,64,891
2025-08-01,2,1,56,509
2025-08-01,2,2,79,1273
2025-08-01,2,3,53,763
2025-08-01,3,1,58,550
2025-08-01,3,2,82,1376
2025-08-01,3,3,55,825
2025-08-01,4,1,83,767
2025-08-01,4,2,115,1917
2025-08-01,4,3,77,1150
2025-08-01,5,1,52,461
2025-08-01,5,2,73,1152
2025-08-01,5,3,48,691
2025-08-01,6,1,60,515
2025-08-01,6,2,84,1288
2025-08-01,6,3,56,772
2025-08-01,7,1,63,536
2025-08-01,7,2,88,1341
2025-08-01,7,3,58,804
2025-08-01,8,1,42,390
2025-08-01,8,2,60,974
2025-08-01,8,3,40,585
2025-09-01,1,1,65,594
2025-09-01,1,2,92,1485
2025-09-01,1,3,61,891
2025-09-01,2,1,61,510
2025-09-01,2,2,86,1275
2025-09-01,2,3,57,765
2025-09-01,3,1,65,551
2025-09-01,3,2,92,1377
2025-09-01,3,3,61,826
2025-09-01,4,1,87,768
2025-09-01,4,2,123,1919
2025-09-01,4,3,82,1151
2025-09-01,5,1,48,459
2025-09-01,5,2,67,1146
2025-09-01,5,3,44,688
2025-09-01,6,1,59,516
2025-09-01,6,2,83,1291
2025-09-01,6,3,55,774
2025-09-01,7,1,63,536
2025-09-01,7,2,89,1341
2025-09-01,7,3,59,804
2025-09-01,8,1,44,390
2025-09-01,8,2,61,976
2025-09-01,8,3,41,585
2025-10-01,1,1,70,595
2025-10-01,1,2,97,1488
2025-10-01,1,3,65,892
2025-10-01,2,1,55,511
2025-10-01,2,2,77,1277
2025-10-01,2,3,51,766
2025-10-01,3,1,60,551
2025-10-01,3,2,84,1379
2025-10-01,3,3,56,827
2025-10-01,4,1,93,768
2025-10-01,4,2,130,1919
2025-10-01,4,3,87,1152
2025-10-01,5,1,55,457
2025-10-01,5,2,76,1141
2025-10-01,5,3,51,685
2025-10-01,6,1,60,517
2025-10-01,6,2,83,1293
2025-10-01,6,3,56,775
2025-10-01,7,1,60,536
2025-10-01,7,2,83,1341
2025-10-01,7,3,56,804
2025-10-01,8,1,45,390
2025-10-01,8,2,62,975
2025-10-01,8,3,42,585
2025-11-01,1,1,71,596
2025-11-01,1,2,99,1489
2025-11-01,1,3,66,894
2025-11-01,2,1,59,512
2025-11-01,2,2,83,1281
2025-11-01,2,3,55,768
2025-11-01,3,1,65,552
2025-11-01,3,2,91,1380
2025-11-01,3,3,60,828
2025-11-01,4,1,88,768
2025-11-01,4,2,123,1921
2025-11-01,4,3,82,1153
2025-11-01,5,1,53,454
2025-11-01,5,2,74,1136
2025-11-01,5,3,49,682
2025-11-01,6,1,55,518
2025-11-01,6,2,78,1294
2025-11-01,6,3,52,776
2025-11-01,7,1,65,537
2025-11-01,7,2,92,1342
2025-11-01,7,3,61,805
2025-11-01,8,1,43,390
2025-11-01,8,2,60,976
2025-11-01,8,3,40,586
2025-12-01,1,1,69,596
2025-12-01,1,2,97,1491
2025-12-01,1,3,65,894
2025-12-01,2,1,58,513
2025-12-01,2,2,82,1283
2025-12-01,2,3,55,770
2025-12-01,3,1,60,552
2025-12-01,3,2,85,1381
2025-12-01,3,3,56,828
2025-12-01,4,1,91,768
2025-12-01,4,2,127,1921
2025-12-01,4,3,84,1153
2025-12-01,5,1,52,453
2025-12-01,5,2,73,1132
2025-12-01,5,3,49,679
2025-12-01,6,1,56,519
2025-12-01,6,2,78,1296
2025-12-01,6,3,52,778
2025-12-01,7,1,61,537
2025-12-01,7,2,85,1343
2025-12-01,7,3,56,805
2025-12-01,8,1,45,391
2025-12-01,8,2,64,976
2025-12-01,8,3,42,586
2026-01-01,1,1,70,597
2026-01-01,1,2,97,1492
2026-01-01,1,3,65,895
2026-01-01,2,1,62,514
2026-01-01,2,2,81,1286
2026-01-01,2,3,54,771
2026-01-01,3,1,63,553
2026-01-01,3,2,88,1381
2026-01-01,3,3,58,829
2026-01-01,4,1,88,769
2026-01-01,4,2,123,1922
2026-01-01,4,3,82,1153
2026-01-01,5,1,51,451
2026-01-01,5,2,71,1128
2026-01-01,5,3,48,676
2026-01-01,6,1,58,520
2026-01-01,6,2,81,1299
2026-01-01,6,3,54,779
2026-01-01,7,1,60,537
2026-01-01,7,2,83,1344
2026-01-01,7,3,56,806
2026-01-01,8,1,54,391
2026-01-01,8,2,80,977
2026-01-01,8,3,51,586
2026-02-01,1,1,65,597
2026-02-01,1,2,90,1493
2026-02-01,1,3,60,896
2026-02-01,2,1,66,515
2026-02-01,2,2,82,1289
2026-02-01,2,3,54,773
2026-02-01,3,1,64,553
2026-02-01,3,2,89,1384
2026-02-01,3,3,59,830
2026-02-01,4,1,87,770
2026-02-01,4,2,123,1924
2026-02-01,4,3,82,1154
2026-02-01,5,1,53,449
2026-02-01,5,2,74,1123
2026-02-01,5,3,49,674
2026-02-01,6,1,61,520
2026-02-01,6,2,85,1301
2026-02-01,6,3,56,781
2026-02-01,7,1,59,538
2026-02-01,7,2,83,1344
2026-02-01,7,3,56,807
2026-02-01,8,1,54,391
2026-02-01,8,2,84,978
2026-02-01,8,3,50,586
2026-03-01,1,1,71,598
2026-03-01,1,2,99,1494
2026-03-01,1,3,66,897
2026-03-01,2,1,67,516
2026-03-01,2,2,78,1291
2026-03-01,2,3,51,775
2026-03-01,3,1,63,554
2026-03-01,3,2,88,1386
2026-03-01,3,3,58,831
2026-03-01,4,1,91,770
2026-03-01,4,2,127,1924
2026-03-01,4,3,84,1155
2026-03-01,5,1,51,447
2026-03-01,5,2,72,1118
2026-03-01,5,3,48,670
2026-03-01,6,1,58,521
2026-03-01,6,2,82,1303
2026-03-01,6,3,55,782
2026-03-01,7,1,62,539
2026-03-01,7,2,87,1346
2026-03-01,7,3,58,808
2026-03-01,8,1,59,391
2026-03-01,8,2,98,979
2026-03-01,8,3,54,587
2026-04-01,1,1,68,598
2026-04-01,1,2,94,1496
2026-04-01,1,3,63,898
2026-04-01,2,1,74,518
2026-04-01,2,2,81,1294
2026-04-01,2,3,52,776
2026-04-01,3,1,63,555
2026-04-01,3,2,89,1387
2026-04-01,3,3,59,832
2026-04-01,4,1,83,770
2026-04-01,4,2,117,1925
2026-04-01,4,3,78,1155
2026-04-01,5,1,53,445
2026-04-01,5,2,73,1113
2026-04-01,5,3,49,668
2026-04-01,6,1,57,522
2026-04-01,6,2,80,1305
2026-04-01,6,3,53,783
2026-04-01,7,1,59,539
2026-04-01,7,2,83,1347
2026-04-01,7,3,55,808
2026-04-01,8,1,56,392
2026-04-01,8,2,99,979
2026-04-01,8,3,52,587
2026-05-01,1,1,68,599
2026-05-01,1,2,96,1498
2026-05-01,1,3,64,898
2026-05-01,2,1,75,519
2026-05-01,2,2,77,1298
2026-05-01,2,3,49,778
2026-05-01,3,1,66,555
2026-05-01,3,2,93,1388
2026-05-01,3,3,62,832
2026-05-01,4,1,91,770
2026-05-01,4,2,128,1925
2026-05-01,4,3,85,1155
2026-05-01,5,1,51,443
2026-05-01,5,2,72,1109
2026-05-01,5,3,48,665
2026-05-01,6,1,59,523
2026-05-01,6,2,82,1307
2026-05-01,6,3,55,784
2026-05-01,7,1,62,539
2026-05-01,7,2,86,1349
2026-05-01,7,3,58,809
2026-05-01,8,1,57,392
2026-05-01,8,2,106,979
2026-05-01,8,3,53,588
2026-06-01,1,1,69,600
2026-06-01,1,2,97,1499
2026-06-01,1,3,64,899
2026-06-01,2,1,76,520
2026-06-01,2,2,74,1301
2026-06-01,2,3,47,780
2026-06-01,3,1,69,555
2026-06-01,3,2,96,1389
2026-06-01,3,3,64,833
2026-06-01,4,1,89,770
2026-06-01,4,2,125,1926
2026-06-01,4,3,83,1155
2026-06-01,5,1,50,442
2026-06-01,5,2,70,1104
2026-06-01,5,3,47,662
2026-06-01,6,1,60,524
2026-06-01,6,2,85,1309
2026-06-01,6,3,56,785
2026-06-01,7,1,58,539
2026-06-01,7,2,82,1349
2026-06-01,7,3,54,809
2026-06-01,8,1,57,392
2026-06-01,8,2,114,980
2026-06-01,8,3,53,588
2026-07-01,1,1,73,600
2026-07-01,1,2,102,1501
2026-07-01,1,3,68,900
2026-07-01,2,1,78,521
2026-07-01,2,2,72,1303
2026-07-01,2,3,44,782
2026-07-01,3,1,64,556
2026-07-01,3,2,90,1391
2026-07-01,3,3,60,834
2026-07-01,4,1,92,771
2026-07-01,4,2,128,1927
2026-07-01,4,3,86,1156
2026-07-01,5,1,52,440
2026-07-01,5,2,73,1100
2026-07-01,5,3,48,660
2026-07-01,6,1,65,524
2026-07-01,6,2,91,1311
2026-07-01,6,3,61,786
2026-07-01,7,1,59,540
2026-07-01,7,2,83,1350
2026-07-01,7,3,56,810
2026-07-01,8,1,56,392
2026-07-01,8,2,117,980
2026-07-01,8,3,52,588
2026-08-01,1,1,69,601
2026-08-01,1,2,97,1503
2026-08-01,1,3,65,902
2026-08-01,2,1,85,522
2026-08-01,2,2,74,1306
2026-08-01,2,3,45,783
2026-08-01,3,1,65,557
2026-08-01,3,2,90,1393
2026-08-01,3,3,60,835
2026-08-01,4,1,92,771
2026-08-01,4,2,128,1926
2026-08-01,4,3,86,1156
2026-08-01,5,1,52,438
2026-08-01,5,2,73,1096
2026-08-01,5,3,49,657
2026-08-01,6,1,62,525
2026-08-01,6,2,86,1313
2026-08-01,6,3,57,788
2026-08-01,7,1,63,540
2026-08-01,7,2,87,1351
2026-08-01,7,3,58,810
2026-08-01,8,1,59,392
2026-08-01,8,2,129,981
2026-08-01,8,3,54,588
2026-09-01,1,1,67,602
2026-09-01,1,2,94,1505
2026-09-01,1,3,63,903
2026-09-01,2,1,88,523
2026-09-01,2,2,73,1309
2026-09-01,2,3,44,785
2026-09-01,3,1,68,557
2026-09-01,3,2,96,1394
2026-09-01,3,3,64,836
2026-09-01,4,1,93,771
2026-09-01,4,2,130,1927
2026-09-01,4,3,86,1156
2026-09-01,5,1,50,436
2026-09-01,5,2,69,1090
2026-09-01,5,3,46,654
2026-09-01,6,1,65,526
2026-09-01,6,2,90,1316
2026-09-01,6,3,60,789
2026-09-01,7,1,62,541
2026-09-01,7,2,86,1352
2026-09-01,7,3,57,811
2026-09-01,8,1,59,392
2026-09-01,8,2,139,981
2026-09-01,8,3,54,589
